EEEEEEEEEEEEEEEEEEEEEEEEEEEEEEEEEEEEEEEEEEEEEEEEEEEEEEEEEEEEEEEEEEEEEEEE [ 69%]
EEEEEEEEEEEEEEEEEEEEEEEEEEEEEEE                                          [100%]
==================================== ERRORS ====================================
____ ERROR at setup of test_uiqa_shared_lab_semantic_contrast[False-light] _____

    @pytest.fixture(scope='session')
    def browser():
        with sync_playwright() as pw:
            executable=os.environ.get('LAB_CHROMIUM_PATH','/usr/bin/chromium')
            kwargs={'headless':True}
            if Path(executable).is_file():kwargs['executable_path']=executable
>           browser=pw.chromium.launch(**kwargs)
                    ^^^^^^^^^^^^^^^^^^^^^^^^^^^^

experience-lab/tests/test_browser.py:39: 
_ _ _ _ _ _ _ _ _ _ _ _ _ _ _ _ _ _ _ _ _ _ _ _ _ _ _ _ _ _ _ _ _ _ _ _ _ _ _ _ 
/opt/anaconda3/lib/python3.11/site-packages/playwright/sync_api/_generated.py:16702: in launch
    self._sync(
/opt/anaconda3/lib/python3.11/site-packages/playwright/_impl/_browser_type.py:97: in launch
    await self._channel.send(
/opt/anaconda3/lib/python3.11/site-packages/playwright/_impl/_connection.py:76: in send
    return await self._connection.wrap_api_call(
_ _ _ _ _ _ _ _ _ _ _ _ _ _ _ _ _ _ _ _ _ _ _ _ _ _ _ _ _ _ _ _ _ _ _ _ _ _ _ _ 

self = <playwright._impl._connection.Connection object at 0x102b2ac50>
cb = <function Channel.send.<locals>.<lambda> at 0x10302e980>
is_internal = False, title = None

    async def wrap_api_call(
        self, cb: Callable[[], Any], is_internal: bool = False, title: str = None
    ) -> Any:
        if self._api_zone.get():
            return await cb()
        task = asyncio.current_task(self._loop)
        parsed_st = _attach_api_call_information(
            getattr(task, "__pw_stack__", None) or _capture_stack_trace(),
            is_internal,
            title,
        )
        self._api_zone.set(parsed_st)
        try:
            return await cb()
        except Exception as error:
>           raise rewrite_error(error, f"{parsed_st['apiName']}: {error}") from None
E           playwright._impl._errors.Error: BrowserType.launch: Executable doesn't exist at /tmp/chg235-verify-home/Library/Caches/ms-playwright/chromium_headless_shell-1234/chrome-headless-shell-mac-arm64/chrome-headless-shell
E           ╔════════════════════════════════════════════════════════════╗
E           ║ Looks like Playwright was just installed or updated.       ║
E           ║ Please run the following command to download new browsers: ║
E           ║                                                            ║
E           ║     playwright install                                     ║
E           ║                                                            ║
E           ║ <3 Playwright Team                                         ║
E           ╚════════════════════════════════════════════════════════════╝

/opt/anaconda3/lib/python3.11/site-packages/playwright/_impl/_connection.py:632: Error
_____ ERROR at setup of test_uiqa_shared_lab_semantic_contrast[False-dark] _____

    @pytest.fixture(scope='session')
    def browser():
        with sync_playwright() as pw:
            executable=os.environ.get('LAB_CHROMIUM_PATH','/usr/bin/chromium')
            kwargs={'headless':True}
            if Path(executable).is_file():kwargs['executable_path']=executable
>           browser=pw.chromium.launch(**kwargs)
                    ^^^^^^^^^^^^^^^^^^^^^^^^^^^^

experience-lab/tests/test_browser.py:39: 
_ _ _ _ _ _ _ _ _ _ _ _ _ _ _ _ _ _ _ _ _ _ _ _ _ _ _ _ _ _ _ _ _ _ _ _ _ _ _ _ 
/opt/anaconda3/lib/python3.11/site-packages/playwright/sync_api/_generated.py:16702: in launch
    self._sync(
/opt/anaconda3/lib/python3.11/site-packages/playwright/_impl/_browser_type.py:97: in launch
    await self._channel.send(
/opt/anaconda3/lib/python3.11/site-packages/playwright/_impl/_connection.py:76: in send
    return await self._connection.wrap_api_call(
_ _ _ _ _ _ _ _ _ _ _ _ _ _ _ _ _ _ _ _ _ _ _ _ _ _ _ _ _ _ _ _ _ _ _ _ _ _ _ _ 

self = <playwright._impl._connection.Connection object at 0x102b2ac50>
cb = <function Channel.send.<locals>.<lambda> at 0x10302e980>
is_internal = False, title = None

    async def wrap_api_call(
        self, cb: Callable[[], Any], is_internal: bool = False, title: str = None
    ) -> Any:
        if self._api_zone.get():
            return await cb()
        task = asyncio.current_task(self._loop)
        parsed_st = _attach_api_call_information(
            getattr(task, "__pw_stack__", None) or _capture_stack_trace(),
            is_internal,
            title,
        )
        self._api_zone.set(parsed_st)
        try:
            return await cb()
        except Exception as error:
>           raise rewrite_error(error, f"{parsed_st['apiName']}: {error}") from None
E           playwright._impl._errors.Error: BrowserType.launch: Executable doesn't exist at /tmp/chg235-verify-home/Library/Caches/ms-playwright/chromium_headless_shell-1234/chrome-headless-shell-mac-arm64/chrome-headless-shell
E           ╔════════════════════════════════════════════════════════════╗
E           ║ Looks like Playwright was just installed or updated.       ║
E           ║ Please run the following command to download new browsers: ║
E           ║                                                            ║
E           ║     playwright install                                     ║
E           ║                                                            ║
E           ║ <3 Playwright Team                                         ║
E           ╚════════════════════════════════════════════════════════════╝

/opt/anaconda3/lib/python3.11/site-packages/playwright/_impl/_connection.py:632: Error
_____ ERROR at setup of test_uiqa_shared_lab_semantic_contrast[True-light] _____

    @pytest.fixture(scope='session')
    def browser():
        with sync_playwright() as pw:
            executable=os.environ.get('LAB_CHROMIUM_PATH','/usr/bin/chromium')
            kwargs={'headless':True}
            if Path(executable).is_file():kwargs['executable_path']=executable
>           browser=pw.chromium.launch(**kwargs)
                    ^^^^^^^^^^^^^^^^^^^^^^^^^^^^

experience-lab/tests/test_browser.py:39: 
_ _ _ _ _ _ _ _ _ _ _ _ _ _ _ _ _ _ _ _ _ _ _ _ _ _ _ _ _ _ _ _ _ _ _ _ _ _ _ _ 
/opt/anaconda3/lib/python3.11/site-packages/playwright/sync_api/_generated.py:16702: in launch
    self._sync(
/opt/anaconda3/lib/python3.11/site-packages/playwright/_impl/_browser_type.py:97: in launch
    await self._channel.send(
/opt/anaconda3/lib/python3.11/site-packages/playwright/_impl/_connection.py:76: in send
    return await self._connection.wrap_api_call(
_ _ _ _ _ _ _ _ _ _ _ _ _ _ _ _ _ _ _ _ _ _ _ _ _ _ _ _ _ _ _ _ _ _ _ _ _ _ _ _ 

self = <playwright._impl._connection.Connection object at 0x102b2ac50>
cb = <function Channel.send.<locals>.<lambda> at 0x10302e980>
is_internal = False, title = None

    async def wrap_api_call(
        self, cb: Callable[[], Any], is_internal: bool = False, title: str = None
    ) -> Any:
        if self._api_zone.get():
            return await cb()
        task = asyncio.current_task(self._loop)
        parsed_st = _attach_api_call_information(
            getattr(task, "__pw_stack__", None) or _capture_stack_trace(),
            is_internal,
            title,
        )
        self._api_zone.set(parsed_st)
        try:
            return await cb()
        except Exception as error:
>           raise rewrite_error(error, f"{parsed_st['apiName']}: {error}") from None
E           playwright._impl._errors.Error: BrowserType.launch: Executable doesn't exist at /tmp/chg235-verify-home/Library/Caches/ms-playwright/chromium_headless_shell-1234/chrome-headless-shell-mac-arm64/chrome-headless-shell
E           ╔════════════════════════════════════════════════════════════╗
E           ║ Looks like Playwright was just installed or updated.       ║
E           ║ Please run the following command to download new browsers: ║
E           ║                                                            ║
E           ║     playwright install                                     ║
E           ║                                                            ║
E           ║ <3 Playwright Team                                         ║
E           ╚════════════════════════════════════════════════════════════╝

/opt/anaconda3/lib/python3.11/site-packages/playwright/_impl/_connection.py:632: Error
_____ ERROR at setup of test_uiqa_shared_lab_semantic_contrast[True-dark] ______

    @pytest.fixture(scope='session')
    def browser():
        with sync_playwright() as pw:
            executable=os.environ.get('LAB_CHROMIUM_PATH','/usr/bin/chromium')
            kwargs={'headless':True}
            if Path(executable).is_file():kwargs['executable_path']=executable
>           browser=pw.chromium.launch(**kwargs)
                    ^^^^^^^^^^^^^^^^^^^^^^^^^^^^

experience-lab/tests/test_browser.py:39: 
_ _ _ _ _ _ _ _ _ _ _ _ _ _ _ _ _ _ _ _ _ _ _ _ _ _ _ _ _ _ _ _ _ _ _ _ _ _ _ _ 
/opt/anaconda3/lib/python3.11/site-packages/playwright/sync_api/_generated.py:16702: in launch
    self._sync(
/opt/anaconda3/lib/python3.11/site-packages/playwright/_impl/_browser_type.py:97: in launch
    await self._channel.send(
/opt/anaconda3/lib/python3.11/site-packages/playwright/_impl/_connection.py:76: in send
    return await self._connection.wrap_api_call(
_ _ _ _ _ _ _ _ _ _ _ _ _ _ _ _ _ _ _ _ _ _ _ _ _ _ _ _ _ _ _ _ _ _ _ _ _ _ _ _ 

self = <playwright._impl._connection.Connection object at 0x102b2ac50>
cb = <function Channel.send.<locals>.<lambda> at 0x10302e980>
is_internal = False, title = None

    async def wrap_api_call(
        self, cb: Callable[[], Any], is_internal: bool = False, title: str = None
    ) -> Any:
        if self._api_zone.get():
            return await cb()
        task = asyncio.current_task(self._loop)
        parsed_st = _attach_api_call_information(
            getattr(task, "__pw_stack__", None) or _capture_stack_trace(),
            is_internal,
            title,
        )
        self._api_zone.set(parsed_st)
        try:
            return await cb()
        except Exception as error:
>           raise rewrite_error(error, f"{parsed_st['apiName']}: {error}") from None
E           playwright._impl._errors.Error: BrowserType.launch: Executable doesn't exist at /tmp/chg235-verify-home/Library/Caches/ms-playwright/chromium_headless_shell-1234/chrome-headless-shell-mac-arm64/chrome-headless-shell
E           ╔════════════════════════════════════════════════════════════╗
E           ║ Looks like Playwright was just installed or updated.       ║
E           ║ Please run the following command to download new browsers: ║
E           ║                                                            ║
E           ║     playwright install                                     ║
E           ║                                                            ║
E           ║ <3 Playwright Team                                         ║
E           ╚════════════════════════════════════════════════════════════╝

/opt/anaconda3/lib/python3.11/site-packages/playwright/_impl/_connection.py:632: Error
_____ ERROR at setup of test_each_registered_widget_renders[light-tables] ______

    @pytest.fixture(scope='session')
    def browser():
        with sync_playwright() as pw:
            executable=os.environ.get('LAB_CHROMIUM_PATH','/usr/bin/chromium')
            kwargs={'headless':True}
            if Path(executable).is_file():kwargs['executable_path']=executable
>           browser=pw.chromium.launch(**kwargs)
                    ^^^^^^^^^^^^^^^^^^^^^^^^^^^^

experience-lab/tests/test_browser.py:39: 
_ _ _ _ _ _ _ _ _ _ _ _ _ _ _ _ _ _ _ _ _ _ _ _ _ _ _ _ _ _ _ _ _ _ _ _ _ _ _ _ 
/opt/anaconda3/lib/python3.11/site-packages/playwright/sync_api/_generated.py:16702: in launch
    self._sync(
/opt/anaconda3/lib/python3.11/site-packages/playwright/_impl/_browser_type.py:97: in launch
    await self._channel.send(
/opt/anaconda3/lib/python3.11/site-packages/playwright/_impl/_connection.py:76: in send
    return await self._connection.wrap_api_call(
_ _ _ _ _ _ _ _ _ _ _ _ _ _ _ _ _ _ _ _ _ _ _ _ _ _ _ _ _ _ _ _ _ _ _ _ _ _ _ _ 

self = <playwright._impl._connection.Connection object at 0x102b2ac50>
cb = <function Channel.send.<locals>.<lambda> at 0x10302e980>
is_internal = False, title = None

    async def wrap_api_call(
        self, cb: Callable[[], Any], is_internal: bool = False, title: str = None
    ) -> Any:
        if self._api_zone.get():
            return await cb()
        task = asyncio.current_task(self._loop)
        parsed_st = _attach_api_call_information(
            getattr(task, "__pw_stack__", None) or _capture_stack_trace(),
            is_internal,
            title,
        )
        self._api_zone.set(parsed_st)
        try:
            return await cb()
        except Exception as error:
>           raise rewrite_error(error, f"{parsed_st['apiName']}: {error}") from None
E           playwright._impl._errors.Error: BrowserType.launch: Executable doesn't exist at /tmp/chg235-verify-home/Library/Caches/ms-playwright/chromium_headless_shell-1234/chrome-headless-shell-mac-arm64/chrome-headless-shell
E           ╔════════════════════════════════════════════════════════════╗
E           ║ Looks like Playwright was just installed or updated.       ║
E           ║ Please run the following command to download new browsers: ║
E           ║                                                            ║
E           ║     playwright install                                     ║
E           ║                                                            ║
E           ║ <3 Playwright Team                                         ║
E           ╚════════════════════════════════════════════════════════════╝

/opt/anaconda3/lib/python3.11/site-packages/playwright/_impl/_connection.py:632: Error
_____ ERROR at setup of test_each_registered_widget_renders[light-boards] ______

    @pytest.fixture(scope='session')
    def browser():
        with sync_playwright() as pw:
            executable=os.environ.get('LAB_CHROMIUM_PATH','/usr/bin/chromium')
            kwargs={'headless':True}
            if Path(executable).is_file():kwargs['executable_path']=executable
>           browser=pw.chromium.launch(**kwargs)
                    ^^^^^^^^^^^^^^^^^^^^^^^^^^^^

experience-lab/tests/test_browser.py:39: 
_ _ _ _ _ _ _ _ _ _ _ _ _ _ _ _ _ _ _ _ _ _ _ _ _ _ _ _ _ _ _ _ _ _ _ _ _ _ _ _ 
/opt/anaconda3/lib/python3.11/site-packages/playwright/sync_api/_generated.py:16702: in launch
    self._sync(
/opt/anaconda3/lib/python3.11/site-packages/playwright/_impl/_browser_type.py:97: in launch
    await self._channel.send(
/opt/anaconda3/lib/python3.11/site-packages/playwright/_impl/_connection.py:76: in send
    return await self._connection.wrap_api_call(
_ _ _ _ _ _ _ _ _ _ _ _ _ _ _ _ _ _ _ _ _ _ _ _ _ _ _ _ _ _ _ _ _ _ _ _ _ _ _ _ 

self = <playwright._impl._connection.Connection object at 0x102b2ac50>
cb = <function Channel.send.<locals>.<lambda> at 0x10302e980>
is_internal = False, title = None

    async def wrap_api_call(
        self, cb: Callable[[], Any], is_internal: bool = False, title: str = None
    ) -> Any:
        if self._api_zone.get():
            return await cb()
        task = asyncio.current_task(self._loop)
        parsed_st = _attach_api_call_information(
            getattr(task, "__pw_stack__", None) or _capture_stack_trace(),
            is_internal,
            title,
        )
        self._api_zone.set(parsed_st)
        try:
            return await cb()
        except Exception as error:
>           raise rewrite_error(error, f"{parsed_st['apiName']}: {error}") from None
E           playwright._impl._errors.Error: BrowserType.launch: Executable doesn't exist at /tmp/chg235-verify-home/Library/Caches/ms-playwright/chromium_headless_shell-1234/chrome-headless-shell-mac-arm64/chrome-headless-shell
E           ╔════════════════════════════════════════════════════════════╗
E           ║ Looks like Playwright was just installed or updated.       ║
E           ║ Please run the following command to download new browsers: ║
E           ║                                                            ║
E           ║     playwright install                                     ║
E           ║                                                            ║
E           ║ <3 Playwright Team                                         ║
E           ╚════════════════════════════════════════════════════════════╝

/opt/anaconda3/lib/python3.11/site-packages/playwright/_impl/_connection.py:632: Error
______ ERROR at setup of test_each_registered_widget_renders[light-gantt] ______

    @pytest.fixture(scope='session')
    def browser():
        with sync_playwright() as pw:
            executable=os.environ.get('LAB_CHROMIUM_PATH','/usr/bin/chromium')
            kwargs={'headless':True}
            if Path(executable).is_file():kwargs['executable_path']=executable
>           browser=pw.chromium.launch(**kwargs)
                    ^^^^^^^^^^^^^^^^^^^^^^^^^^^^

experience-lab/tests/test_browser.py:39: 
_ _ _ _ _ _ _ _ _ _ _ _ _ _ _ _ _ _ _ _ _ _ _ _ _ _ _ _ _ _ _ _ _ _ _ _ _ _ _ _ 
/opt/anaconda3/lib/python3.11/site-packages/playwright/sync_api/_generated.py:16702: in launch
    self._sync(
/opt/anaconda3/lib/python3.11/site-packages/playwright/_impl/_browser_type.py:97: in launch
    await self._channel.send(
/opt/anaconda3/lib/python3.11/site-packages/playwright/_impl/_connection.py:76: in send
    return await self._connection.wrap_api_call(
_ _ _ _ _ _ _ _ _ _ _ _ _ _ _ _ _ _ _ _ _ _ _ _ _ _ _ _ _ _ _ _ _ _ _ _ _ _ _ _ 

self = <playwright._impl._connection.Connection object at 0x102b2ac50>
cb = <function Channel.send.<locals>.<lambda> at 0x10302e980>
is_internal = False, title = None

    async def wrap_api_call(
        self, cb: Callable[[], Any], is_internal: bool = False, title: str = None
    ) -> Any:
        if self._api_zone.get():
            return await cb()
        task = asyncio.current_task(self._loop)
        parsed_st = _attach_api_call_information(
            getattr(task, "__pw_stack__", None) or _capture_stack_trace(),
            is_internal,
            title,
        )
        self._api_zone.set(parsed_st)
        try:
            return await cb()
        except Exception as error:
>           raise rewrite_error(error, f"{parsed_st['apiName']}: {error}") from None
E           playwright._impl._errors.Error: BrowserType.launch: Executable doesn't exist at /tmp/chg235-verify-home/Library/Caches/ms-playwright/chromium_headless_shell-1234/chrome-headless-shell-mac-arm64/chrome-headless-shell
E           ╔════════════════════════════════════════════════════════════╗
E           ║ Looks like Playwright was just installed or updated.       ║
E           ║ Please run the following command to download new browsers: ║
E           ║                                                            ║
E           ║     playwright install                                     ║
E           ║                                                            ║
E           ║ <3 Playwright Team                                         ║
E           ╚════════════════════════════════════════════════════════════╝

/opt/anaconda3/lib/python3.11/site-packages/playwright/_impl/_connection.py:632: Error
____ ERROR at setup of test_each_registered_widget_renders[light-calendar] _____

    @pytest.fixture(scope='session')
    def browser():
        with sync_playwright() as pw:
            executable=os.environ.get('LAB_CHROMIUM_PATH','/usr/bin/chromium')
            kwargs={'headless':True}
            if Path(executable).is_file():kwargs['executable_path']=executable
>           browser=pw.chromium.launch(**kwargs)
                    ^^^^^^^^^^^^^^^^^^^^^^^^^^^^

experience-lab/tests/test_browser.py:39: 
_ _ _ _ _ _ _ _ _ _ _ _ _ _ _ _ _ _ _ _ _ _ _ _ _ _ _ _ _ _ _ _ _ _ _ _ _ _ _ _ 
/opt/anaconda3/lib/python3.11/site-packages/playwright/sync_api/_generated.py:16702: in launch
    self._sync(
/opt/anaconda3/lib/python3.11/site-packages/playwright/_impl/_browser_type.py:97: in launch
    await self._channel.send(
/opt/anaconda3/lib/python3.11/site-packages/playwright/_impl/_connection.py:76: in send
    return await self._connection.wrap_api_call(
_ _ _ _ _ _ _ _ _ _ _ _ _ _ _ _ _ _ _ _ _ _ _ _ _ _ _ _ _ _ _ _ _ _ _ _ _ _ _ _ 

self = <playwright._impl._connection.Connection object at 0x102b2ac50>
cb = <function Channel.send.<locals>.<lambda> at 0x10302e980>
is_internal = False, title = None

    async def wrap_api_call(
        self, cb: Callable[[], Any], is_internal: bool = False, title: str = None
    ) -> Any:
        if self._api_zone.get():
            return await cb()
        task = asyncio.current_task(self._loop)
        parsed_st = _attach_api_call_information(
            getattr(task, "__pw_stack__", None) or _capture_stack_trace(),
            is_internal,
            title,
        )
        self._api_zone.set(parsed_st)
        try:
            return await cb()
        except Exception as error:
>           raise rewrite_error(error, f"{parsed_st['apiName']}: {error}") from None
E           playwright._impl._errors.Error: BrowserType.launch: Executable doesn't exist at /tmp/chg235-verify-home/Library/Caches/ms-playwright/chromium_headless_shell-1234/chrome-headless-shell-mac-arm64/chrome-headless-shell
E           ╔════════════════════════════════════════════════════════════╗
E           ║ Looks like Playwright was just installed or updated.       ║
E           ║ Please run the following command to download new browsers: ║
E           ║                                                            ║
E           ║     playwright install                                     ║
E           ║                                                            ║
E           ║ <3 Playwright Team                                         ║
E           ╚════════════════════════════════════════════════════════════╝

/opt/anaconda3/lib/python3.11/site-packages/playwright/_impl/_connection.py:632: Error
____ ERROR at setup of test_each_registered_widget_renders[light-timeline] _____

    @pytest.fixture(scope='session')
    def browser():
        with sync_playwright() as pw:
            executable=os.environ.get('LAB_CHROMIUM_PATH','/usr/bin/chromium')
            kwargs={'headless':True}
            if Path(executable).is_file():kwargs['executable_path']=executable
>           browser=pw.chromium.launch(**kwargs)
                    ^^^^^^^^^^^^^^^^^^^^^^^^^^^^

experience-lab/tests/test_browser.py:39: 
_ _ _ _ _ _ _ _ _ _ _ _ _ _ _ _ _ _ _ _ _ _ _ _ _ _ _ _ _ _ _ _ _ _ _ _ _ _ _ _ 
/opt/anaconda3/lib/python3.11/site-packages/playwright/sync_api/_generated.py:16702: in launch
    self._sync(
/opt/anaconda3/lib/python3.11/site-packages/playwright/_impl/_browser_type.py:97: in launch
    await self._channel.send(
/opt/anaconda3/lib/python3.11/site-packages/playwright/_impl/_connection.py:76: in send
    return await self._connection.wrap_api_call(
_ _ _ _ _ _ _ _ _ _ _ _ _ _ _ _ _ _ _ _ _ _ _ _ _ _ _ _ _ _ _ _ _ _ _ _ _ _ _ _ 

self = <playwright._impl._connection.Connection object at 0x102b2ac50>
cb = <function Channel.send.<locals>.<lambda> at 0x10302e980>
is_internal = False, title = None

    async def wrap_api_call(
        self, cb: Callable[[], Any], is_internal: bool = False, title: str = None
    ) -> Any:
        if self._api_zone.get():
            return await cb()
        task = asyncio.current_task(self._loop)
        parsed_st = _attach_api_call_information(
            getattr(task, "__pw_stack__", None) or _capture_stack_trace(),
            is_internal,
            title,
        )
        self._api_zone.set(parsed_st)
        try:
            return await cb()
        except Exception as error:
>           raise rewrite_error(error, f"{parsed_st['apiName']}: {error}") from None
E           playwright._impl._errors.Error: BrowserType.launch: Executable doesn't exist at /tmp/chg235-verify-home/Library/Caches/ms-playwright/chromium_headless_shell-1234/chrome-headless-shell-mac-arm64/chrome-headless-shell
E           ╔════════════════════════════════════════════════════════════╗
E           ║ Looks like Playwright was just installed or updated.       ║
E           ║ Please run the following command to download new browsers: ║
E           ║                                                            ║
E           ║     playwright install                                     ║
E           ║                                                            ║
E           ║ <3 Playwright Team                                         ║
E           ╚════════════════════════════════════════════════════════════╝

/opt/anaconda3/lib/python3.11/site-packages/playwright/_impl/_connection.py:632: Error
______ ERROR at setup of test_each_registered_widget_renders[light-rack] _______

    @pytest.fixture(scope='session')
    def browser():
        with sync_playwright() as pw:
            executable=os.environ.get('LAB_CHROMIUM_PATH','/usr/bin/chromium')
            kwargs={'headless':True}
            if Path(executable).is_file():kwargs['executable_path']=executable
>           browser=pw.chromium.launch(**kwargs)
                    ^^^^^^^^^^^^^^^^^^^^^^^^^^^^

experience-lab/tests/test_browser.py:39: 
_ _ _ _ _ _ _ _ _ _ _ _ _ _ _ _ _ _ _ _ _ _ _ _ _ _ _ _ _ _ _ _ _ _ _ _ _ _ _ _ 
/opt/anaconda3/lib/python3.11/site-packages/playwright/sync_api/_generated.py:16702: in launch
    self._sync(
/opt/anaconda3/lib/python3.11/site-packages/playwright/_impl/_browser_type.py:97: in launch
    await self._channel.send(
/opt/anaconda3/lib/python3.11/site-packages/playwright/_impl/_connection.py:76: in send
    return await self._connection.wrap_api_call(
_ _ _ _ _ _ _ _ _ _ _ _ _ _ _ _ _ _ _ _ _ _ _ _ _ _ _ _ _ _ _ _ _ _ _ _ _ _ _ _ 

self = <playwright._impl._connection.Connection object at 0x102b2ac50>
cb = <function Channel.send.<locals>.<lambda> at 0x10302e980>
is_internal = False, title = None

    async def wrap_api_call(
        self, cb: Callable[[], Any], is_internal: bool = False, title: str = None
    ) -> Any:
        if self._api_zone.get():
            return await cb()
        task = asyncio.current_task(self._loop)
        parsed_st = _attach_api_call_information(
            getattr(task, "__pw_stack__", None) or _capture_stack_trace(),
            is_internal,
            title,
        )
        self._api_zone.set(parsed_st)
        try:
            return await cb()
        except Exception as error:
>           raise rewrite_error(error, f"{parsed_st['apiName']}: {error}") from None
E           playwright._impl._errors.Error: BrowserType.launch: Executable doesn't exist at /tmp/chg235-verify-home/Library/Caches/ms-playwright/chromium_headless_shell-1234/chrome-headless-shell-mac-arm64/chrome-headless-shell
E           ╔════════════════════════════════════════════════════════════╗
E           ║ Looks like Playwright was just installed or updated.       ║
E           ║ Please run the following command to download new browsers: ║
E           ║                                                            ║
E           ║     playwright install                                     ║
E           ║                                                            ║
E           ║ <3 Playwright Team                                         ║
E           ╚════════════════════════════════════════════════════════════╝

/opt/anaconda3/lib/python3.11/site-packages/playwright/_impl/_connection.py:632: Error
______ ERROR at setup of test_each_registered_widget_renders[light-wafer] ______

    @pytest.fixture(scope='session')
    def browser():
        with sync_playwright() as pw:
            executable=os.environ.get('LAB_CHROMIUM_PATH','/usr/bin/chromium')
            kwargs={'headless':True}
            if Path(executable).is_file():kwargs['executable_path']=executable
>           browser=pw.chromium.launch(**kwargs)
                    ^^^^^^^^^^^^^^^^^^^^^^^^^^^^

experience-lab/tests/test_browser.py:39: 
_ _ _ _ _ _ _ _ _ _ _ _ _ _ _ _ _ _ _ _ _ _ _ _ _ _ _ _ _ _ _ _ _ _ _ _ _ _ _ _ 
/opt/anaconda3/lib/python3.11/site-packages/playwright/sync_api/_generated.py:16702: in launch
    self._sync(
/opt/anaconda3/lib/python3.11/site-packages/playwright/_impl/_browser_type.py:97: in launch
    await self._channel.send(
/opt/anaconda3/lib/python3.11/site-packages/playwright/_impl/_connection.py:76: in send
    return await self._connection.wrap_api_call(
_ _ _ _ _ _ _ _ _ _ _ _ _ _ _ _ _ _ _ _ _ _ _ _ _ _ _ _ _ _ _ _ _ _ _ _ _ _ _ _ 

self = <playwright._impl._connection.Connection object at 0x102b2ac50>
cb = <function Channel.send.<locals>.<lambda> at 0x10302e980>
is_internal = False, title = None

    async def wrap_api_call(
        self, cb: Callable[[], Any], is_internal: bool = False, title: str = None
    ) -> Any:
        if self._api_zone.get():
            return await cb()
        task = asyncio.current_task(self._loop)
        parsed_st = _attach_api_call_information(
            getattr(task, "__pw_stack__", None) or _capture_stack_trace(),
            is_internal,
            title,
        )
        self._api_zone.set(parsed_st)
        try:
            return await cb()
        except Exception as error:
>           raise rewrite_error(error, f"{parsed_st['apiName']}: {error}") from None
E           playwright._impl._errors.Error: BrowserType.launch: Executable doesn't exist at /tmp/chg235-verify-home/Library/Caches/ms-playwright/chromium_headless_shell-1234/chrome-headless-shell-mac-arm64/chrome-headless-shell
E           ╔════════════════════════════════════════════════════════════╗
E           ║ Looks like Playwright was just installed or updated.       ║
E           ║ Please run the following command to download new browsers: ║
E           ║                                                            ║
E           ║     playwright install                                     ║
E           ║                                                            ║
E           ║ <3 Playwright Team                                         ║
E           ╚════════════════════════════════════════════════════════════╝

/opt/anaconda3/lib/python3.11/site-packages/playwright/_impl/_connection.py:632: Error
_____ ERROR at setup of test_each_registered_widget_renders[light-process] _____

    @pytest.fixture(scope='session')
    def browser():
        with sync_playwright() as pw:
            executable=os.environ.get('LAB_CHROMIUM_PATH','/usr/bin/chromium')
            kwargs={'headless':True}
            if Path(executable).is_file():kwargs['executable_path']=executable
>           browser=pw.chromium.launch(**kwargs)
                    ^^^^^^^^^^^^^^^^^^^^^^^^^^^^

experience-lab/tests/test_browser.py:39: 
_ _ _ _ _ _ _ _ _ _ _ _ _ _ _ _ _ _ _ _ _ _ _ _ _ _ _ _ _ _ _ _ _ _ _ _ _ _ _ _ 
/opt/anaconda3/lib/python3.11/site-packages/playwright/sync_api/_generated.py:16702: in launch
    self._sync(
/opt/anaconda3/lib/python3.11/site-packages/playwright/_impl/_browser_type.py:97: in launch
    await self._channel.send(
/opt/anaconda3/lib/python3.11/site-packages/playwright/_impl/_connection.py:76: in send
    return await self._connection.wrap_api_call(
_ _ _ _ _ _ _ _ _ _ _ _ _ _ _ _ _ _ _ _ _ _ _ _ _ _ _ _ _ _ _ _ _ _ _ _ _ _ _ _ 

self = <playwright._impl._connection.Connection object at 0x102b2ac50>
cb = <function Channel.send.<locals>.<lambda> at 0x10302e980>
is_internal = False, title = None

    async def wrap_api_call(
        self, cb: Callable[[], Any], is_internal: bool = False, title: str = None
    ) -> Any:
        if self._api_zone.get():
            return await cb()
        task = asyncio.current_task(self._loop)
        parsed_st = _attach_api_call_information(
            getattr(task, "__pw_stack__", None) or _capture_stack_trace(),
            is_internal,
            title,
        )
        self._api_zone.set(parsed_st)
        try:
            return await cb()
        except Exception as error:
>           raise rewrite_error(error, f"{parsed_st['apiName']}: {error}") from None
E           playwright._impl._errors.Error: BrowserType.launch: Executable doesn't exist at /tmp/chg235-verify-home/Library/Caches/ms-playwright/chromium_headless_shell-1234/chrome-headless-shell-mac-arm64/chrome-headless-shell
E           ╔════════════════════════════════════════════════════════════╗
E           ║ Looks like Playwright was just installed or updated.       ║
E           ║ Please run the following command to download new browsers: ║
E           ║                                                            ║
E           ║     playwright install                                     ║
E           ║                                                            ║
E           ║ <3 Playwright Team                                         ║
E           ╚════════════════════════════════════════════════════════════╝

/opt/anaconda3/lib/python3.11/site-packages/playwright/_impl/_connection.py:632: Error
_____ ERROR at setup of test_each_registered_widget_renders[light-charts] ______

    @pytest.fixture(scope='session')
    def browser():
        with sync_playwright() as pw:
            executable=os.environ.get('LAB_CHROMIUM_PATH','/usr/bin/chromium')
            kwargs={'headless':True}
            if Path(executable).is_file():kwargs['executable_path']=executable
>           browser=pw.chromium.launch(**kwargs)
                    ^^^^^^^^^^^^^^^^^^^^^^^^^^^^

experience-lab/tests/test_browser.py:39: 
_ _ _ _ _ _ _ _ _ _ _ _ _ _ _ _ _ _ _ _ _ _ _ _ _ _ _ _ _ _ _ _ _ _ _ _ _ _ _ _ 
/opt/anaconda3/lib/python3.11/site-packages/playwright/sync_api/_generated.py:16702: in launch
    self._sync(
/opt/anaconda3/lib/python3.11/site-packages/playwright/_impl/_browser_type.py:97: in launch
    await self._channel.send(
/opt/anaconda3/lib/python3.11/site-packages/playwright/_impl/_connection.py:76: in send
    return await self._connection.wrap_api_call(
_ _ _ _ _ _ _ _ _ _ _ _ _ _ _ _ _ _ _ _ _ _ _ _ _ _ _ _ _ _ _ _ _ _ _ _ _ _ _ _ 

self = <playwright._impl._connection.Connection object at 0x102b2ac50>
cb = <function Channel.send.<locals>.<lambda> at 0x10302e980>
is_internal = False, title = None

    async def wrap_api_call(
        self, cb: Callable[[], Any], is_internal: bool = False, title: str = None
    ) -> Any:
        if self._api_zone.get():
            return await cb()
        task = asyncio.current_task(self._loop)
        parsed_st = _attach_api_call_information(
            getattr(task, "__pw_stack__", None) or _capture_stack_trace(),
            is_internal,
            title,
        )
        self._api_zone.set(parsed_st)
        try:
            return await cb()
        except Exception as error:
>           raise rewrite_error(error, f"{parsed_st['apiName']}: {error}") from None
E           playwright._impl._errors.Error: BrowserType.launch: Executable doesn't exist at /tmp/chg235-verify-home/Library/Caches/ms-playwright/chromium_headless_shell-1234/chrome-headless-shell-mac-arm64/chrome-headless-shell
E           ╔════════════════════════════════════════════════════════════╗
E           ║ Looks like Playwright was just installed or updated.       ║
E           ║ Please run the following command to download new browsers: ║
E           ║                                                            ║
E           ║     playwright install                                     ║
E           ║                                                            ║
E           ║ <3 Playwright Team                                         ║
E           ╚════════════════════════════════════════════════════════════╝

/opt/anaconda3/lib/python3.11/site-packages/playwright/_impl/_connection.py:632: Error
____ ERROR at setup of test_each_registered_widget_renders[light-topology] _____

    @pytest.fixture(scope='session')
    def browser():
        with sync_playwright() as pw:
            executable=os.environ.get('LAB_CHROMIUM_PATH','/usr/bin/chromium')
            kwargs={'headless':True}
            if Path(executable).is_file():kwargs['executable_path']=executable
>           browser=pw.chromium.launch(**kwargs)
                    ^^^^^^^^^^^^^^^^^^^^^^^^^^^^

experience-lab/tests/test_browser.py:39: 
_ _ _ _ _ _ _ _ _ _ _ _ _ _ _ _ _ _ _ _ _ _ _ _ _ _ _ _ _ _ _ _ _ _ _ _ _ _ _ _ 
/opt/anaconda3/lib/python3.11/site-packages/playwright/sync_api/_generated.py:16702: in launch
    self._sync(
/opt/anaconda3/lib/python3.11/site-packages/playwright/_impl/_browser_type.py:97: in launch
    await self._channel.send(
/opt/anaconda3/lib/python3.11/site-packages/playwright/_impl/_connection.py:76: in send
    return await self._connection.wrap_api_call(
_ _ _ _ _ _ _ _ _ _ _ _ _ _ _ _ _ _ _ _ _ _ _ _ _ _ _ _ _ _ _ _ _ _ _ _ _ _ _ _ 

self = <playwright._impl._connection.Connection object at 0x102b2ac50>
cb = <function Channel.send.<locals>.<lambda> at 0x10302e980>
is_internal = False, title = None

    async def wrap_api_call(
        self, cb: Callable[[], Any], is_internal: bool = False, title: str = None
    ) -> Any:
        if self._api_zone.get():
            return await cb()
        task = asyncio.current_task(self._loop)
        parsed_st = _attach_api_call_information(
            getattr(task, "__pw_stack__", None) or _capture_stack_trace(),
            is_internal,
            title,
        )
        self._api_zone.set(parsed_st)
        try:
            return await cb()
        except Exception as error:
>           raise rewrite_error(error, f"{parsed_st['apiName']}: {error}") from None
E           playwright._impl._errors.Error: BrowserType.launch: Executable doesn't exist at /tmp/chg235-verify-home/Library/Caches/ms-playwright/chromium_headless_shell-1234/chrome-headless-shell-mac-arm64/chrome-headless-shell
E           ╔════════════════════════════════════════════════════════════╗
E           ║ Looks like Playwright was just installed or updated.       ║
E           ║ Please run the following command to download new browsers: ║
E           ║                                                            ║
E           ║     playwright install                                     ║
E           ║                                                            ║
E           ║ <3 Playwright Team                                         ║
E           ╚════════════════════════════════════════════════════════════╝

/opt/anaconda3/lib/python3.11/site-packages/playwright/_impl/_connection.py:632: Error
_____ ERROR at setup of test_each_registered_widget_renders[light-traces] ______

    @pytest.fixture(scope='session')
    def browser():
        with sync_playwright() as pw:
            executable=os.environ.get('LAB_CHROMIUM_PATH','/usr/bin/chromium')
            kwargs={'headless':True}
            if Path(executable).is_file():kwargs['executable_path']=executable
>           browser=pw.chromium.launch(**kwargs)
                    ^^^^^^^^^^^^^^^^^^^^^^^^^^^^

experience-lab/tests/test_browser.py:39: 
_ _ _ _ _ _ _ _ _ _ _ _ _ _ _ _ _ _ _ _ _ _ _ _ _ _ _ _ _ _ _ _ _ _ _ _ _ _ _ _ 
/opt/anaconda3/lib/python3.11/site-packages/playwright/sync_api/_generated.py:16702: in launch
    self._sync(
/opt/anaconda3/lib/python3.11/site-packages/playwright/_impl/_browser_type.py:97: in launch
    await self._channel.send(
/opt/anaconda3/lib/python3.11/site-packages/playwright/_impl/_connection.py:76: in send
    return await self._connection.wrap_api_call(
_ _ _ _ _ _ _ _ _ _ _ _ _ _ _ _ _ _ _ _ _ _ _ _ _ _ _ _ _ _ _ _ _ _ _ _ _ _ _ _ 

self = <playwright._impl._connection.Connection object at 0x102b2ac50>
cb = <function Channel.send.<locals>.<lambda> at 0x10302e980>
is_internal = False, title = None

    async def wrap_api_call(
        self, cb: Callable[[], Any], is_internal: bool = False, title: str = None
    ) -> Any:
        if self._api_zone.get():
            return await cb()
        task = asyncio.current_task(self._loop)
        parsed_st = _attach_api_call_information(
            getattr(task, "__pw_stack__", None) or _capture_stack_trace(),
            is_internal,
            title,
        )
        self._api_zone.set(parsed_st)
        try:
            return await cb()
        except Exception as error:
>           raise rewrite_error(error, f"{parsed_st['apiName']}: {error}") from None
E           playwright._impl._errors.Error: BrowserType.launch: Executable doesn't exist at /tmp/chg235-verify-home/Library/Caches/ms-playwright/chromium_headless_shell-1234/chrome-headless-shell-mac-arm64/chrome-headless-shell
E           ╔════════════════════════════════════════════════════════════╗
E           ║ Looks like Playwright was just installed or updated.       ║
E           ║ Please run the following command to download new browsers: ║
E           ║                                                            ║
E           ║     playwright install                                     ║
E           ║                                                            ║
E           ║ <3 Playwright Team                                         ║
E           ╚════════════════════════════════════════════════════════════╝

/opt/anaconda3/lib/python3.11/site-packages/playwright/_impl/_connection.py:632: Error
______ ERROR at setup of test_each_registered_widget_renders[light-logs] _______

    @pytest.fixture(scope='session')
    def browser():
        with sync_playwright() as pw:
            executable=os.environ.get('LAB_CHROMIUM_PATH','/usr/bin/chromium')
            kwargs={'headless':True}
            if Path(executable).is_file():kwargs['executable_path']=executable
>           browser=pw.chromium.launch(**kwargs)
                    ^^^^^^^^^^^^^^^^^^^^^^^^^^^^

experience-lab/tests/test_browser.py:39: 
_ _ _ _ _ _ _ _ _ _ _ _ _ _ _ _ _ _ _ _ _ _ _ _ _ _ _ _ _ _ _ _ _ _ _ _ _ _ _ _ 
/opt/anaconda3/lib/python3.11/site-packages/playwright/sync_api/_generated.py:16702: in launch
    self._sync(
/opt/anaconda3/lib/python3.11/site-packages/playwright/_impl/_browser_type.py:97: in launch
    await self._channel.send(
/opt/anaconda3/lib/python3.11/site-packages/playwright/_impl/_connection.py:76: in send
    return await self._connection.wrap_api_call(
_ _ _ _ _ _ _ _ _ _ _ _ _ _ _ _ _ _ _ _ _ _ _ _ _ _ _ _ _ _ _ _ _ _ _ _ _ _ _ _ 

self = <playwright._impl._connection.Connection object at 0x102b2ac50>
cb = <function Channel.send.<locals>.<lambda> at 0x10302e980>
is_internal = False, title = None

    async def wrap_api_call(
        self, cb: Callable[[], Any], is_internal: bool = False, title: str = None
    ) -> Any:
        if self._api_zone.get():
            return await cb()
        task = asyncio.current_task(self._loop)
        parsed_st = _attach_api_call_information(
            getattr(task, "__pw_stack__", None) or _capture_stack_trace(),
            is_internal,
            title,
        )
        self._api_zone.set(parsed_st)
        try:
            return await cb()
        except Exception as error:
>           raise rewrite_error(error, f"{parsed_st['apiName']}: {error}") from None
E           playwright._impl._errors.Error: BrowserType.launch: Executable doesn't exist at /tmp/chg235-verify-home/Library/Caches/ms-playwright/chromium_headless_shell-1234/chrome-headless-shell-mac-arm64/chrome-headless-shell
E           ╔════════════════════════════════════════════════════════════╗
E           ║ Looks like Playwright was just installed or updated.       ║
E           ║ Please run the following command to download new browsers: ║
E           ║                                                            ║
E           ║     playwright install                                     ║
E           ║                                                            ║
E           ║ <3 Playwright Team                                         ║
E           ╚════════════════════════════════════════════════════════════╝

/opt/anaconda3/lib/python3.11/site-packages/playwright/_impl/_connection.py:632: Error
______ ERROR at setup of test_each_registered_widget_renders[light-diff] _______

    @pytest.fixture(scope='session')
    def browser():
        with sync_playwright() as pw:
            executable=os.environ.get('LAB_CHROMIUM_PATH','/usr/bin/chromium')
            kwargs={'headless':True}
            if Path(executable).is_file():kwargs['executable_path']=executable
>           browser=pw.chromium.launch(**kwargs)
                    ^^^^^^^^^^^^^^^^^^^^^^^^^^^^

experience-lab/tests/test_browser.py:39: 
_ _ _ _ _ _ _ _ _ _ _ _ _ _ _ _ _ _ _ _ _ _ _ _ _ _ _ _ _ _ _ _ _ _ _ _ _ _ _ _ 
/opt/anaconda3/lib/python3.11/site-packages/playwright/sync_api/_generated.py:16702: in launch
    self._sync(
/opt/anaconda3/lib/python3.11/site-packages/playwright/_impl/_browser_type.py:97: in launch
    await self._channel.send(
/opt/anaconda3/lib/python3.11/site-packages/playwright/_impl/_connection.py:76: in send
    return await self._connection.wrap_api_call(
_ _ _ _ _ _ _ _ _ _ _ _ _ _ _ _ _ _ _ _ _ _ _ _ _ _ _ _ _ _ _ _ _ _ _ _ _ _ _ _ 

self = <playwright._impl._connection.Connection object at 0x102b2ac50>
cb = <function Channel.send.<locals>.<lambda> at 0x10302e980>
is_internal = False, title = None

    async def wrap_api_call(
        self, cb: Callable[[], Any], is_internal: bool = False, title: str = None
    ) -> Any:
        if self._api_zone.get():
            return await cb()
        task = asyncio.current_task(self._loop)
        parsed_st = _attach_api_call_information(
            getattr(task, "__pw_stack__", None) or _capture_stack_trace(),
            is_internal,
            title,
        )
        self._api_zone.set(parsed_st)
        try:
            return await cb()
        except Exception as error:
>           raise rewrite_error(error, f"{parsed_st['apiName']}: {error}") from None
E           playwright._impl._errors.Error: BrowserType.launch: Executable doesn't exist at /tmp/chg235-verify-home/Library/Caches/ms-playwright/chromium_headless_shell-1234/chrome-headless-shell-mac-arm64/chrome-headless-shell
E           ╔════════════════════════════════════════════════════════════╗
E           ║ Looks like Playwright was just installed or updated.       ║
E           ║ Please run the following command to download new browsers: ║
E           ║                                                            ║
E           ║     playwright install                                     ║
E           ║                                                            ║
E           ║ <3 Playwright Team                                         ║
E           ╚════════════════════════════════════════════════════════════╝

/opt/anaconda3/lib/python3.11/site-packages/playwright/_impl/_connection.py:632: Error
______ ERROR at setup of test_each_registered_widget_renders[light-forms] ______

    @pytest.fixture(scope='session')
    def browser():
        with sync_playwright() as pw:
            executable=os.environ.get('LAB_CHROMIUM_PATH','/usr/bin/chromium')
            kwargs={'headless':True}
            if Path(executable).is_file():kwargs['executable_path']=executable
>           browser=pw.chromium.launch(**kwargs)
                    ^^^^^^^^^^^^^^^^^^^^^^^^^^^^

experience-lab/tests/test_browser.py:39: 
_ _ _ _ _ _ _ _ _ _ _ _ _ _ _ _ _ _ _ _ _ _ _ _ _ _ _ _ _ _ _ _ _ _ _ _ _ _ _ _ 
/opt/anaconda3/lib/python3.11/site-packages/playwright/sync_api/_generated.py:16702: in launch
    self._sync(
/opt/anaconda3/lib/python3.11/site-packages/playwright/_impl/_browser_type.py:97: in launch
    await self._channel.send(
/opt/anaconda3/lib/python3.11/site-packages/playwright/_impl/_connection.py:76: in send
    return await self._connection.wrap_api_call(
_ _ _ _ _ _ _ _ _ _ _ _ _ _ _ _ _ _ _ _ _ _ _ _ _ _ _ _ _ _ _ _ _ _ _ _ _ _ _ _ 

self = <playwright._impl._connection.Connection object at 0x102b2ac50>
cb = <function Channel.send.<locals>.<lambda> at 0x10302e980>
is_internal = False, title = None

    async def wrap_api_call(
        self, cb: Callable[[], Any], is_internal: bool = False, title: str = None
    ) -> Any:
        if self._api_zone.get():
            return await cb()
        task = asyncio.current_task(self._loop)
        parsed_st = _attach_api_call_information(
            getattr(task, "__pw_stack__", None) or _capture_stack_trace(),
            is_internal,
            title,
        )
        self._api_zone.set(parsed_st)
        try:
            return await cb()
        except Exception as error:
>           raise rewrite_error(error, f"{parsed_st['apiName']}: {error}") from None
E           playwright._impl._errors.Error: BrowserType.launch: Executable doesn't exist at /tmp/chg235-verify-home/Library/Caches/ms-playwright/chromium_headless_shell-1234/chrome-headless-shell-mac-arm64/chrome-headless-shell
E           ╔════════════════════════════════════════════════════════════╗
E           ║ Looks like Playwright was just installed or updated.       ║
E           ║ Please run the following command to download new browsers: ║
E           ║                                                            ║
E           ║     playwright install                                     ║
E           ║                                                            ║
E           ║ <3 Playwright Team                                         ║
E           ╚════════════════════════════════════════════════════════════╝

/opt/anaconda3/lib/python3.11/site-packages/playwright/_impl/_connection.py:632: Error
_____ ERROR at setup of test_each_registered_widget_renders[light-windows] _____

    @pytest.fixture(scope='session')
    def browser():
        with sync_playwright() as pw:
            executable=os.environ.get('LAB_CHROMIUM_PATH','/usr/bin/chromium')
            kwargs={'headless':True}
            if Path(executable).is_file():kwargs['executable_path']=executable
>           browser=pw.chromium.launch(**kwargs)
                    ^^^^^^^^^^^^^^^^^^^^^^^^^^^^

experience-lab/tests/test_browser.py:39: 
_ _ _ _ _ _ _ _ _ _ _ _ _ _ _ _ _ _ _ _ _ _ _ _ _ _ _ _ _ _ _ _ _ _ _ _ _ _ _ _ 
/opt/anaconda3/lib/python3.11/site-packages/playwright/sync_api/_generated.py:16702: in launch
    self._sync(
/opt/anaconda3/lib/python3.11/site-packages/playwright/_impl/_browser_type.py:97: in launch
    await self._channel.send(
/opt/anaconda3/lib/python3.11/site-packages/playwright/_impl/_connection.py:76: in send
    return await self._connection.wrap_api_call(
_ _ _ _ _ _ _ _ _ _ _ _ _ _ _ _ _ _ _ _ _ _ _ _ _ _ _ _ _ _ _ _ _ _ _ _ _ _ _ _ 

self = <playwright._impl._connection.Connection object at 0x102b2ac50>
cb = <function Channel.send.<locals>.<lambda> at 0x10302e980>
is_internal = False, title = None

    async def wrap_api_call(
        self, cb: Callable[[], Any], is_internal: bool = False, title: str = None
    ) -> Any:
        if self._api_zone.get():
            return await cb()
        task = asyncio.current_task(self._loop)
        parsed_st = _attach_api_call_information(
            getattr(task, "__pw_stack__", None) or _capture_stack_trace(),
            is_internal,
            title,
        )
        self._api_zone.set(parsed_st)
        try:
            return await cb()
        except Exception as error:
>           raise rewrite_error(error, f"{parsed_st['apiName']}: {error}") from None
E           playwright._impl._errors.Error: BrowserType.launch: Executable doesn't exist at /tmp/chg235-verify-home/Library/Caches/ms-playwright/chromium_headless_shell-1234/chrome-headless-shell-mac-arm64/chrome-headless-shell
E           ╔════════════════════════════════════════════════════════════╗
E           ║ Looks like Playwright was just installed or updated.       ║
E           ║ Please run the following command to download new browsers: ║
E           ║                                                            ║
E           ║     playwright install                                     ║
E           ║                                                            ║
E           ║ <3 Playwright Team                                         ║
E           ╚════════════════════════════════════════════════════════════╝

/opt/anaconda3/lib/python3.11/site-packages/playwright/_impl/_connection.py:632: Error
______ ERROR at setup of test_each_registered_widget_renders[light-json] _______

    @pytest.fixture(scope='session')
    def browser():
        with sync_playwright() as pw:
            executable=os.environ.get('LAB_CHROMIUM_PATH','/usr/bin/chromium')
            kwargs={'headless':True}
            if Path(executable).is_file():kwargs['executable_path']=executable
>           browser=pw.chromium.launch(**kwargs)
                    ^^^^^^^^^^^^^^^^^^^^^^^^^^^^

experience-lab/tests/test_browser.py:39: 
_ _ _ _ _ _ _ _ _ _ _ _ _ _ _ _ _ _ _ _ _ _ _ _ _ _ _ _ _ _ _ _ _ _ _ _ _ _ _ _ 
/opt/anaconda3/lib/python3.11/site-packages/playwright/sync_api/_generated.py:16702: in launch
    self._sync(
/opt/anaconda3/lib/python3.11/site-packages/playwright/_impl/_browser_type.py:97: in launch
    await self._channel.send(
/opt/anaconda3/lib/python3.11/site-packages/playwright/_impl/_connection.py:76: in send
    return await self._connection.wrap_api_call(
_ _ _ _ _ _ _ _ _ _ _ _ _ _ _ _ _ _ _ _ _ _ _ _ _ _ _ _ _ _ _ _ _ _ _ _ _ _ _ _ 

self = <playwright._impl._connection.Connection object at 0x102b2ac50>
cb = <function Channel.send.<locals>.<lambda> at 0x10302e980>
is_internal = False, title = None

    async def wrap_api_call(
        self, cb: Callable[[], Any], is_internal: bool = False, title: str = None
    ) -> Any:
        if self._api_zone.get():
            return await cb()
        task = asyncio.current_task(self._loop)
        parsed_st = _attach_api_call_information(
            getattr(task, "__pw_stack__", None) or _capture_stack_trace(),
            is_internal,
            title,
        )
        self._api_zone.set(parsed_st)
        try:
            return await cb()
        except Exception as error:
>           raise rewrite_error(error, f"{parsed_st['apiName']}: {error}") from None
E           playwright._impl._errors.Error: BrowserType.launch: Executable doesn't exist at /tmp/chg235-verify-home/Library/Caches/ms-playwright/chromium_headless_shell-1234/chrome-headless-shell-mac-arm64/chrome-headless-shell
E           ╔════════════════════════════════════════════════════════════╗
E           ║ Looks like Playwright was just installed or updated.       ║
E           ║ Please run the following command to download new browsers: ║
E           ║                                                            ║
E           ║     playwright install                                     ║
E           ║                                                            ║
E           ║ <3 Playwright Team                                         ║
E           ╚════════════════════════════════════════════════════════════╝

/opt/anaconda3/lib/python3.11/site-packages/playwright/_impl/_connection.py:632: Error
_____ ERROR at setup of test_each_registered_widget_renders[light-carrier] _____

    @pytest.fixture(scope='session')
    def browser():
        with sync_playwright() as pw:
            executable=os.environ.get('LAB_CHROMIUM_PATH','/usr/bin/chromium')
            kwargs={'headless':True}
            if Path(executable).is_file():kwargs['executable_path']=executable
>           browser=pw.chromium.launch(**kwargs)
                    ^^^^^^^^^^^^^^^^^^^^^^^^^^^^

experience-lab/tests/test_browser.py:39: 
_ _ _ _ _ _ _ _ _ _ _ _ _ _ _ _ _ _ _ _ _ _ _ _ _ _ _ _ _ _ _ _ _ _ _ _ _ _ _ _ 
/opt/anaconda3/lib/python3.11/site-packages/playwright/sync_api/_generated.py:16702: in launch
    self._sync(
/opt/anaconda3/lib/python3.11/site-packages/playwright/_impl/_browser_type.py:97: in launch
    await self._channel.send(
/opt/anaconda3/lib/python3.11/site-packages/playwright/_impl/_connection.py:76: in send
    return await self._connection.wrap_api_call(
_ _ _ _ _ _ _ _ _ _ _ _ _ _ _ _ _ _ _ _ _ _ _ _ _ _ _ _ _ _ _ _ _ _ _ _ _ _ _ _ 

self = <playwright._impl._connection.Connection object at 0x102b2ac50>
cb = <function Channel.send.<locals>.<lambda> at 0x10302e980>
is_internal = False, title = None

    async def wrap_api_call(
        self, cb: Callable[[], Any], is_internal: bool = False, title: str = None
    ) -> Any:
        if self._api_zone.get():
            return await cb()
        task = asyncio.current_task(self._loop)
        parsed_st = _attach_api_call_information(
            getattr(task, "__pw_stack__", None) or _capture_stack_trace(),
            is_internal,
            title,
        )
        self._api_zone.set(parsed_st)
        try:
            return await cb()
        except Exception as error:
>           raise rewrite_error(error, f"{parsed_st['apiName']}: {error}") from None
E           playwright._impl._errors.Error: BrowserType.launch: Executable doesn't exist at /tmp/chg235-verify-home/Library/Caches/ms-playwright/chromium_headless_shell-1234/chrome-headless-shell-mac-arm64/chrome-headless-shell
E           ╔════════════════════════════════════════════════════════════╗
E           ║ Looks like Playwright was just installed or updated.       ║
E           ║ Please run the following command to download new browsers: ║
E           ║                                                            ║
E           ║     playwright install                                     ║
E           ║                                                            ║
E           ║ <3 Playwright Team                                         ║
E           ╚════════════════════════════════════════════════════════════╝

/opt/anaconda3/lib/python3.11/site-packages/playwright/_impl/_connection.py:632: Error
____ ERROR at setup of test_each_registered_widget_renders[light-traveler] _____

    @pytest.fixture(scope='session')
    def browser():
        with sync_playwright() as pw:
            executable=os.environ.get('LAB_CHROMIUM_PATH','/usr/bin/chromium')
            kwargs={'headless':True}
            if Path(executable).is_file():kwargs['executable_path']=executable
>           browser=pw.chromium.launch(**kwargs)
                    ^^^^^^^^^^^^^^^^^^^^^^^^^^^^

experience-lab/tests/test_browser.py:39: 
_ _ _ _ _ _ _ _ _ _ _ _ _ _ _ _ _ _ _ _ _ _ _ _ _ _ _ _ _ _ _ _ _ _ _ _ _ _ _ _ 
/opt/anaconda3/lib/python3.11/site-packages/playwright/sync_api/_generated.py:16702: in launch
    self._sync(
/opt/anaconda3/lib/python3.11/site-packages/playwright/_impl/_browser_type.py:97: in launch
    await self._channel.send(
/opt/anaconda3/lib/python3.11/site-packages/playwright/_impl/_connection.py:76: in send
    return await self._connection.wrap_api_call(
_ _ _ _ _ _ _ _ _ _ _ _ _ _ _ _ _ _ _ _ _ _ _ _ _ _ _ _ _ _ _ _ _ _ _ _ _ _ _ _ 

self = <playwright._impl._connection.Connection object at 0x102b2ac50>
cb = <function Channel.send.<locals>.<lambda> at 0x10302e980>
is_internal = False, title = None

    async def wrap_api_call(
        self, cb: Callable[[], Any], is_internal: bool = False, title: str = None
    ) -> Any:
        if self._api_zone.get():
            return await cb()
        task = asyncio.current_task(self._loop)
        parsed_st = _attach_api_call_information(
            getattr(task, "__pw_stack__", None) or _capture_stack_trace(),
            is_internal,
            title,
        )
        self._api_zone.set(parsed_st)
        try:
            return await cb()
        except Exception as error:
>           raise rewrite_error(error, f"{parsed_st['apiName']}: {error}") from None
E           playwright._impl._errors.Error: BrowserType.launch: Executable doesn't exist at /tmp/chg235-verify-home/Library/Caches/ms-playwright/chromium_headless_shell-1234/chrome-headless-shell-mac-arm64/chrome-headless-shell
E           ╔════════════════════════════════════════════════════════════╗
E           ║ Looks like Playwright was just installed or updated.       ║
E           ║ Please run the following command to download new browsers: ║
E           ║                                                            ║
E           ║     playwright install                                     ║
E           ║                                                            ║
E           ║ <3 Playwright Team                                         ║
E           ╚════════════════════════════════════════════════════════════╝

/opt/anaconda3/lib/python3.11/site-packages/playwright/_impl/_connection.py:632: Error
____ ERROR at setup of test_each_registered_widget_renders[light-floorplan] ____

    @pytest.fixture(scope='session')
    def browser():
        with sync_playwright() as pw:
            executable=os.environ.get('LAB_CHROMIUM_PATH','/usr/bin/chromium')
            kwargs={'headless':True}
            if Path(executable).is_file():kwargs['executable_path']=executable
>           browser=pw.chromium.launch(**kwargs)
                    ^^^^^^^^^^^^^^^^^^^^^^^^^^^^

experience-lab/tests/test_browser.py:39: 
_ _ _ _ _ _ _ _ _ _ _ _ _ _ _ _ _ _ _ _ _ _ _ _ _ _ _ _ _ _ _ _ _ _ _ _ _ _ _ _ 
/opt/anaconda3/lib/python3.11/site-packages/playwright/sync_api/_generated.py:16702: in launch
    self._sync(
/opt/anaconda3/lib/python3.11/site-packages/playwright/_impl/_browser_type.py:97: in launch
    await self._channel.send(
/opt/anaconda3/lib/python3.11/site-packages/playwright/_impl/_connection.py:76: in send
    return await self._connection.wrap_api_call(
_ _ _ _ _ _ _ _ _ _ _ _ _ _ _ _ _ _ _ _ _ _ _ _ _ _ _ _ _ _ _ _ _ _ _ _ _ _ _ _ 

self = <playwright._impl._connection.Connection object at 0x102b2ac50>
cb = <function Channel.send.<locals>.<lambda> at 0x10302e980>
is_internal = False, title = None

    async def wrap_api_call(
        self, cb: Callable[[], Any], is_internal: bool = False, title: str = None
    ) -> Any:
        if self._api_zone.get():
            return await cb()
        task = asyncio.current_task(self._loop)
        parsed_st = _attach_api_call_information(
            getattr(task, "__pw_stack__", None) or _capture_stack_trace(),
            is_internal,
            title,
        )
        self._api_zone.set(parsed_st)
        try:
            return await cb()
        except Exception as error:
>           raise rewrite_error(error, f"{parsed_st['apiName']}: {error}") from None
E           playwright._impl._errors.Error: BrowserType.launch: Executable doesn't exist at /tmp/chg235-verify-home/Library/Caches/ms-playwright/chromium_headless_shell-1234/chrome-headless-shell-mac-arm64/chrome-headless-shell
E           ╔════════════════════════════════════════════════════════════╗
E           ║ Looks like Playwright was just installed or updated.       ║
E           ║ Please run the following command to download new browsers: ║
E           ║                                                            ║
E           ║     playwright install                                     ║
E           ║                                                            ║
E           ║ <3 Playwright Team                                         ║
E           ╚════════════════════════════════════════════════════════════╝

/opt/anaconda3/lib/python3.11/site-packages/playwright/_impl/_connection.py:632: Error
___ ERROR at setup of test_each_registered_widget_renders[light-permissions] ___

    @pytest.fixture(scope='session')
    def browser():
        with sync_playwright() as pw:
            executable=os.environ.get('LAB_CHROMIUM_PATH','/usr/bin/chromium')
            kwargs={'headless':True}
            if Path(executable).is_file():kwargs['executable_path']=executable
>           browser=pw.chromium.launch(**kwargs)
                    ^^^^^^^^^^^^^^^^^^^^^^^^^^^^

experience-lab/tests/test_browser.py:39: 
_ _ _ _ _ _ _ _ _ _ _ _ _ _ _ _ _ _ _ _ _ _ _ _ _ _ _ _ _ _ _ _ _ _ _ _ _ _ _ _ 
/opt/anaconda3/lib/python3.11/site-packages/playwright/sync_api/_generated.py:16702: in launch
    self._sync(
/opt/anaconda3/lib/python3.11/site-packages/playwright/_impl/_browser_type.py:97: in launch
    await self._channel.send(
/opt/anaconda3/lib/python3.11/site-packages/playwright/_impl/_connection.py:76: in send
    return await self._connection.wrap_api_call(
_ _ _ _ _ _ _ _ _ _ _ _ _ _ _ _ _ _ _ _ _ _ _ _ _ _ _ _ _ _ _ _ _ _ _ _ _ _ _ _ 

self = <playwright._impl._connection.Connection object at 0x102b2ac50>
cb = <function Channel.send.<locals>.<lambda> at 0x10302e980>
is_internal = False, title = None

    async def wrap_api_call(
        self, cb: Callable[[], Any], is_internal: bool = False, title: str = None
    ) -> Any:
        if self._api_zone.get():
            return await cb()
        task = asyncio.current_task(self._loop)
        parsed_st = _attach_api_call_information(
            getattr(task, "__pw_stack__", None) or _capture_stack_trace(),
            is_internal,
            title,
        )
        self._api_zone.set(parsed_st)
        try:
            return await cb()
        except Exception as error:
>           raise rewrite_error(error, f"{parsed_st['apiName']}: {error}") from None
E           playwright._impl._errors.Error: BrowserType.launch: Executable doesn't exist at /tmp/chg235-verify-home/Library/Caches/ms-playwright/chromium_headless_shell-1234/chrome-headless-shell-mac-arm64/chrome-headless-shell
E           ╔════════════════════════════════════════════════════════════╗
E           ║ Looks like Playwright was just installed or updated.       ║
E           ║ Please run the following command to download new browsers: ║
E           ║                                                            ║
E           ║     playwright install                                     ║
E           ║                                                            ║
E           ║ <3 Playwright Team                                         ║
E           ╚════════════════════════════════════════════════════════════╝

/opt/anaconda3/lib/python3.11/site-packages/playwright/_impl/_connection.py:632: Error
______ ERROR at setup of test_each_registered_widget_renders[light-split] ______

    @pytest.fixture(scope='session')
    def browser():
        with sync_playwright() as pw:
            executable=os.environ.get('LAB_CHROMIUM_PATH','/usr/bin/chromium')
            kwargs={'headless':True}
            if Path(executable).is_file():kwargs['executable_path']=executable
>           browser=pw.chromium.launch(**kwargs)
                    ^^^^^^^^^^^^^^^^^^^^^^^^^^^^

experience-lab/tests/test_browser.py:39: 
_ _ _ _ _ _ _ _ _ _ _ _ _ _ _ _ _ _ _ _ _ _ _ _ _ _ _ _ _ _ _ _ _ _ _ _ _ _ _ _ 
/opt/anaconda3/lib/python3.11/site-packages/playwright/sync_api/_generated.py:16702: in launch
    self._sync(
/opt/anaconda3/lib/python3.11/site-packages/playwright/_impl/_browser_type.py:97: in launch
    await self._channel.send(
/opt/anaconda3/lib/python3.11/site-packages/playwright/_impl/_connection.py:76: in send
    return await self._connection.wrap_api_call(
_ _ _ _ _ _ _ _ _ _ _ _ _ _ _ _ _ _ _ _ _ _ _ _ _ _ _ _ _ _ _ _ _ _ _ _ _ _ _ _ 

self = <playwright._impl._connection.Connection object at 0x102b2ac50>
cb = <function Channel.send.<locals>.<lambda> at 0x10302e980>
is_internal = False, title = None

    async def wrap_api_call(
        self, cb: Callable[[], Any], is_internal: bool = False, title: str = None
    ) -> Any:
        if self._api_zone.get():
            return await cb()
        task = asyncio.current_task(self._loop)
        parsed_st = _attach_api_call_information(
            getattr(task, "__pw_stack__", None) or _capture_stack_trace(),
            is_internal,
            title,
        )
        self._api_zone.set(parsed_st)
        try:
            return await cb()
        except Exception as error:
>           raise rewrite_error(error, f"{parsed_st['apiName']}: {error}") from None
E           playwright._impl._errors.Error: BrowserType.launch: Executable doesn't exist at /tmp/chg235-verify-home/Library/Caches/ms-playwright/chromium_headless_shell-1234/chrome-headless-shell-mac-arm64/chrome-headless-shell
E           ╔════════════════════════════════════════════════════════════╗
E           ║ Looks like Playwright was just installed or updated.       ║
E           ║ Please run the following command to download new browsers: ║
E           ║                                                            ║
E           ║     playwright install                                     ║
E           ║                                                            ║
E           ║ <3 Playwright Team                                         ║
E           ╚════════════════════════════════════════════════════════════╝

/opt/anaconda3/lib/python3.11/site-packages/playwright/_impl/_connection.py:632: Error
____ ERROR at setup of test_each_registered_widget_renders[light-pipeline] _____

    @pytest.fixture(scope='session')
    def browser():
        with sync_playwright() as pw:
            executable=os.environ.get('LAB_CHROMIUM_PATH','/usr/bin/chromium')
            kwargs={'headless':True}
            if Path(executable).is_file():kwargs['executable_path']=executable
>           browser=pw.chromium.launch(**kwargs)
                    ^^^^^^^^^^^^^^^^^^^^^^^^^^^^

experience-lab/tests/test_browser.py:39: 
_ _ _ _ _ _ _ _ _ _ _ _ _ _ _ _ _ _ _ _ _ _ _ _ _ _ _ _ _ _ _ _ _ _ _ _ _ _ _ _ 
/opt/anaconda3/lib/python3.11/site-packages/playwright/sync_api/_generated.py:16702: in launch
    self._sync(
/opt/anaconda3/lib/python3.11/site-packages/playwright/_impl/_browser_type.py:97: in launch
    await self._channel.send(
/opt/anaconda3/lib/python3.11/site-packages/playwright/_impl/_connection.py:76: in send
    return await self._connection.wrap_api_call(
_ _ _ _ _ _ _ _ _ _ _ _ _ _ _ _ _ _ _ _ _ _ _ _ _ _ _ _ _ _ _ _ _ _ _ _ _ _ _ _ 

self = <playwright._impl._connection.Connection object at 0x102b2ac50>
cb = <function Channel.send.<locals>.<lambda> at 0x10302e980>
is_internal = False, title = None

    async def wrap_api_call(
        self, cb: Callable[[], Any], is_internal: bool = False, title: str = None
    ) -> Any:
        if self._api_zone.get():
            return await cb()
        task = asyncio.current_task(self._loop)
        parsed_st = _attach_api_call_information(
            getattr(task, "__pw_stack__", None) or _capture_stack_trace(),
            is_internal,
            title,
        )
        self._api_zone.set(parsed_st)
        try:
            return await cb()
        except Exception as error:
>           raise rewrite_error(error, f"{parsed_st['apiName']}: {error}") from None
E           playwright._impl._errors.Error: BrowserType.launch: Executable doesn't exist at /tmp/chg235-verify-home/Library/Caches/ms-playwright/chromium_headless_shell-1234/chrome-headless-shell-mac-arm64/chrome-headless-shell
E           ╔════════════════════════════════════════════════════════════╗
E           ║ Looks like Playwright was just installed or updated.       ║
E           ║ Please run the following command to download new browsers: ║
E           ║                                                            ║
E           ║     playwright install                                     ║
E           ║                                                            ║
E           ║ <3 Playwright Team                                         ║
E           ╚════════════════════════════════════════════════════════════╝

/opt/anaconda3/lib/python3.11/site-packages/playwright/_impl/_connection.py:632: Error
__ ERROR at setup of test_each_registered_widget_renders[light-notifications] __

    @pytest.fixture(scope='session')
    def browser():
        with sync_playwright() as pw:
            executable=os.environ.get('LAB_CHROMIUM_PATH','/usr/bin/chromium')
            kwargs={'headless':True}
            if Path(executable).is_file():kwargs['executable_path']=executable
>           browser=pw.chromium.launch(**kwargs)
                    ^^^^^^^^^^^^^^^^^^^^^^^^^^^^

experience-lab/tests/test_browser.py:39: 
_ _ _ _ _ _ _ _ _ _ _ _ _ _ _ _ _ _ _ _ _ _ _ _ _ _ _ _ _ _ _ _ _ _ _ _ _ _ _ _ 
/opt/anaconda3/lib/python3.11/site-packages/playwright/sync_api/_generated.py:16702: in launch
    self._sync(
/opt/anaconda3/lib/python3.11/site-packages/playwright/_impl/_browser_type.py:97: in launch
    await self._channel.send(
/opt/anaconda3/lib/python3.11/site-packages/playwright/_impl/_connection.py:76: in send
    return await self._connection.wrap_api_call(
_ _ _ _ _ _ _ _ _ _ _ _ _ _ _ _ _ _ _ _ _ _ _ _ _ _ _ _ _ _ _ _ _ _ _ _ _ _ _ _ 

self = <playwright._impl._connection.Connection object at 0x102b2ac50>
cb = <function Channel.send.<locals>.<lambda> at 0x10302e980>
is_internal = False, title = None

    async def wrap_api_call(
        self, cb: Callable[[], Any], is_internal: bool = False, title: str = None
    ) -> Any:
        if self._api_zone.get():
            return await cb()
        task = asyncio.current_task(self._loop)
        parsed_st = _attach_api_call_information(
            getattr(task, "__pw_stack__", None) or _capture_stack_trace(),
            is_internal,
            title,
        )
        self._api_zone.set(parsed_st)
        try:
            return await cb()
        except Exception as error:
>           raise rewrite_error(error, f"{parsed_st['apiName']}: {error}") from None
E           playwright._impl._errors.Error: BrowserType.launch: Executable doesn't exist at /tmp/chg235-verify-home/Library/Caches/ms-playwright/chromium_headless_shell-1234/chrome-headless-shell-mac-arm64/chrome-headless-shell
E           ╔════════════════════════════════════════════════════════════╗
E           ║ Looks like Playwright was just installed or updated.       ║
E           ║ Please run the following command to download new browsers: ║
E           ║                                                            ║
E           ║     playwright install                                     ║
E           ║                                                            ║
E           ║ <3 Playwright Team                                         ║
E           ╚════════════════════════════════════════════════════════════╝

/opt/anaconda3/lib/python3.11/site-packages/playwright/_impl/_connection.py:632: Error
______ ERROR at setup of test_each_registered_widget_renders[dark-tables] ______

    @pytest.fixture(scope='session')
    def browser():
        with sync_playwright() as pw:
            executable=os.environ.get('LAB_CHROMIUM_PATH','/usr/bin/chromium')
            kwargs={'headless':True}
            if Path(executable).is_file():kwargs['executable_path']=executable
>           browser=pw.chromium.launch(**kwargs)
                    ^^^^^^^^^^^^^^^^^^^^^^^^^^^^

experience-lab/tests/test_browser.py:39: 
_ _ _ _ _ _ _ _ _ _ _ _ _ _ _ _ _ _ _ _ _ _ _ _ _ _ _ _ _ _ _ _ _ _ _ _ _ _ _ _ 
/opt/anaconda3/lib/python3.11/site-packages/playwright/sync_api/_generated.py:16702: in launch
    self._sync(
/opt/anaconda3/lib/python3.11/site-packages/playwright/_impl/_browser_type.py:97: in launch
    await self._channel.send(
/opt/anaconda3/lib/python3.11/site-packages/playwright/_impl/_connection.py:76: in send
    return await self._connection.wrap_api_call(
_ _ _ _ _ _ _ _ _ _ _ _ _ _ _ _ _ _ _ _ _ _ _ _ _ _ _ _ _ _ _ _ _ _ _ _ _ _ _ _ 

self = <playwright._impl._connection.Connection object at 0x102b2ac50>
cb = <function Channel.send.<locals>.<lambda> at 0x10302e980>
is_internal = False, title = None

    async def wrap_api_call(
        self, cb: Callable[[], Any], is_internal: bool = False, title: str = None
    ) -> Any:
        if self._api_zone.get():
            return await cb()
        task = asyncio.current_task(self._loop)
        parsed_st = _attach_api_call_information(
            getattr(task, "__pw_stack__", None) or _capture_stack_trace(),
            is_internal,
            title,
        )
        self._api_zone.set(parsed_st)
        try:
            return await cb()
        except Exception as error:
>           raise rewrite_error(error, f"{parsed_st['apiName']}: {error}") from None
E           playwright._impl._errors.Error: BrowserType.launch: Executable doesn't exist at /tmp/chg235-verify-home/Library/Caches/ms-playwright/chromium_headless_shell-1234/chrome-headless-shell-mac-arm64/chrome-headless-shell
E           ╔════════════════════════════════════════════════════════════╗
E           ║ Looks like Playwright was just installed or updated.       ║
E           ║ Please run the following command to download new browsers: ║
E           ║                                                            ║
E           ║     playwright install                                     ║
E           ║                                                            ║
E           ║ <3 Playwright Team                                         ║
E           ╚════════════════════════════════════════════════════════════╝

/opt/anaconda3/lib/python3.11/site-packages/playwright/_impl/_connection.py:632: Error
______ ERROR at setup of test_each_registered_widget_renders[dark-boards] ______

    @pytest.fixture(scope='session')
    def browser():
        with sync_playwright() as pw:
            executable=os.environ.get('LAB_CHROMIUM_PATH','/usr/bin/chromium')
            kwargs={'headless':True}
            if Path(executable).is_file():kwargs['executable_path']=executable
>           browser=pw.chromium.launch(**kwargs)
                    ^^^^^^^^^^^^^^^^^^^^^^^^^^^^

experience-lab/tests/test_browser.py:39: 
_ _ _ _ _ _ _ _ _ _ _ _ _ _ _ _ _ _ _ _ _ _ _ _ _ _ _ _ _ _ _ _ _ _ _ _ _ _ _ _ 
/opt/anaconda3/lib/python3.11/site-packages/playwright/sync_api/_generated.py:16702: in launch
    self._sync(
/opt/anaconda3/lib/python3.11/site-packages/playwright/_impl/_browser_type.py:97: in launch
    await self._channel.send(
/opt/anaconda3/lib/python3.11/site-packages/playwright/_impl/_connection.py:76: in send
    return await self._connection.wrap_api_call(
_ _ _ _ _ _ _ _ _ _ _ _ _ _ _ _ _ _ _ _ _ _ _ _ _ _ _ _ _ _ _ _ _ _ _ _ _ _ _ _ 

self = <playwright._impl._connection.Connection object at 0x102b2ac50>
cb = <function Channel.send.<locals>.<lambda> at 0x10302e980>
is_internal = False, title = None

    async def wrap_api_call(
        self, cb: Callable[[], Any], is_internal: bool = False, title: str = None
    ) -> Any:
        if self._api_zone.get():
            return await cb()
        task = asyncio.current_task(self._loop)
        parsed_st = _attach_api_call_information(
            getattr(task, "__pw_stack__", None) or _capture_stack_trace(),
            is_internal,
            title,
        )
        self._api_zone.set(parsed_st)
        try:
            return await cb()
        except Exception as error:
>           raise rewrite_error(error, f"{parsed_st['apiName']}: {error}") from None
E           playwright._impl._errors.Error: BrowserType.launch: Executable doesn't exist at /tmp/chg235-verify-home/Library/Caches/ms-playwright/chromium_headless_shell-1234/chrome-headless-shell-mac-arm64/chrome-headless-shell
E           ╔════════════════════════════════════════════════════════════╗
E           ║ Looks like Playwright was just installed or updated.       ║
E           ║ Please run the following command to download new browsers: ║
E           ║                                                            ║
E           ║     playwright install                                     ║
E           ║                                                            ║
E           ║ <3 Playwright Team                                         ║
E           ╚════════════════════════════════════════════════════════════╝

/opt/anaconda3/lib/python3.11/site-packages/playwright/_impl/_connection.py:632: Error
______ ERROR at setup of test_each_registered_widget_renders[dark-gantt] _______

    @pytest.fixture(scope='session')
    def browser():
        with sync_playwright() as pw:
            executable=os.environ.get('LAB_CHROMIUM_PATH','/usr/bin/chromium')
            kwargs={'headless':True}
            if Path(executable).is_file():kwargs['executable_path']=executable
>           browser=pw.chromium.launch(**kwargs)
                    ^^^^^^^^^^^^^^^^^^^^^^^^^^^^

experience-lab/tests/test_browser.py:39: 
_ _ _ _ _ _ _ _ _ _ _ _ _ _ _ _ _ _ _ _ _ _ _ _ _ _ _ _ _ _ _ _ _ _ _ _ _ _ _ _ 
/opt/anaconda3/lib/python3.11/site-packages/playwright/sync_api/_generated.py:16702: in launch
    self._sync(
/opt/anaconda3/lib/python3.11/site-packages/playwright/_impl/_browser_type.py:97: in launch
    await self._channel.send(
/opt/anaconda3/lib/python3.11/site-packages/playwright/_impl/_connection.py:76: in send
    return await self._connection.wrap_api_call(
_ _ _ _ _ _ _ _ _ _ _ _ _ _ _ _ _ _ _ _ _ _ _ _ _ _ _ _ _ _ _ _ _ _ _ _ _ _ _ _ 

self = <playwright._impl._connection.Connection object at 0x102b2ac50>
cb = <function Channel.send.<locals>.<lambda> at 0x10302e980>
is_internal = False, title = None

    async def wrap_api_call(
        self, cb: Callable[[], Any], is_internal: bool = False, title: str = None
    ) -> Any:
        if self._api_zone.get():
            return await cb()
        task = asyncio.current_task(self._loop)
        parsed_st = _attach_api_call_information(
            getattr(task, "__pw_stack__", None) or _capture_stack_trace(),
            is_internal,
            title,
        )
        self._api_zone.set(parsed_st)
        try:
            return await cb()
        except Exception as error:
>           raise rewrite_error(error, f"{parsed_st['apiName']}: {error}") from None
E           playwright._impl._errors.Error: BrowserType.launch: Executable doesn't exist at /tmp/chg235-verify-home/Library/Caches/ms-playwright/chromium_headless_shell-1234/chrome-headless-shell-mac-arm64/chrome-headless-shell
E           ╔════════════════════════════════════════════════════════════╗
E           ║ Looks like Playwright was just installed or updated.       ║
E           ║ Please run the following command to download new browsers: ║
E           ║                                                            ║
E           ║     playwright install                                     ║
E           ║                                                            ║
E           ║ <3 Playwright Team                                         ║
E           ╚════════════════════════════════════════════════════════════╝

/opt/anaconda3/lib/python3.11/site-packages/playwright/_impl/_connection.py:632: Error
_____ ERROR at setup of test_each_registered_widget_renders[dark-calendar] _____

    @pytest.fixture(scope='session')
    def browser():
        with sync_playwright() as pw:
            executable=os.environ.get('LAB_CHROMIUM_PATH','/usr/bin/chromium')
            kwargs={'headless':True}
            if Path(executable).is_file():kwargs['executable_path']=executable
>           browser=pw.chromium.launch(**kwargs)
                    ^^^^^^^^^^^^^^^^^^^^^^^^^^^^

experience-lab/tests/test_browser.py:39: 
_ _ _ _ _ _ _ _ _ _ _ _ _ _ _ _ _ _ _ _ _ _ _ _ _ _ _ _ _ _ _ _ _ _ _ _ _ _ _ _ 
/opt/anaconda3/lib/python3.11/site-packages/playwright/sync_api/_generated.py:16702: in launch
    self._sync(
/opt/anaconda3/lib/python3.11/site-packages/playwright/_impl/_browser_type.py:97: in launch
    await self._channel.send(
/opt/anaconda3/lib/python3.11/site-packages/playwright/_impl/_connection.py:76: in send
    return await self._connection.wrap_api_call(
_ _ _ _ _ _ _ _ _ _ _ _ _ _ _ _ _ _ _ _ _ _ _ _ _ _ _ _ _ _ _ _ _ _ _ _ _ _ _ _ 

self = <playwright._impl._connection.Connection object at 0x102b2ac50>
cb = <function Channel.send.<locals>.<lambda> at 0x10302e980>
is_internal = False, title = None

    async def wrap_api_call(
        self, cb: Callable[[], Any], is_internal: bool = False, title: str = None
    ) -> Any:
        if self._api_zone.get():
            return await cb()
        task = asyncio.current_task(self._loop)
        parsed_st = _attach_api_call_information(
            getattr(task, "__pw_stack__", None) or _capture_stack_trace(),
            is_internal,
            title,
        )
        self._api_zone.set(parsed_st)
        try:
            return await cb()
        except Exception as error:
>           raise rewrite_error(error, f"{parsed_st['apiName']}: {error}") from None
E           playwright._impl._errors.Error: BrowserType.launch: Executable doesn't exist at /tmp/chg235-verify-home/Library/Caches/ms-playwright/chromium_headless_shell-1234/chrome-headless-shell-mac-arm64/chrome-headless-shell
E           ╔════════════════════════════════════════════════════════════╗
E           ║ Looks like Playwright was just installed or updated.       ║
E           ║ Please run the following command to download new browsers: ║
E           ║                                                            ║
E           ║     playwright install                                     ║
E           ║                                                            ║
E           ║ <3 Playwright Team                                         ║
E           ╚════════════════════════════════════════════════════════════╝

/opt/anaconda3/lib/python3.11/site-packages/playwright/_impl/_connection.py:632: Error
_____ ERROR at setup of test_each_registered_widget_renders[dark-timeline] _____

    @pytest.fixture(scope='session')
    def browser():
        with sync_playwright() as pw:
            executable=os.environ.get('LAB_CHROMIUM_PATH','/usr/bin/chromium')
            kwargs={'headless':True}
            if Path(executable).is_file():kwargs['executable_path']=executable
>           browser=pw.chromium.launch(**kwargs)
                    ^^^^^^^^^^^^^^^^^^^^^^^^^^^^

experience-lab/tests/test_browser.py:39: 
_ _ _ _ _ _ _ _ _ _ _ _ _ _ _ _ _ _ _ _ _ _ _ _ _ _ _ _ _ _ _ _ _ _ _ _ _ _ _ _ 
/opt/anaconda3/lib/python3.11/site-packages/playwright/sync_api/_generated.py:16702: in launch
    self._sync(
/opt/anaconda3/lib/python3.11/site-packages/playwright/_impl/_browser_type.py:97: in launch
    await self._channel.send(
/opt/anaconda3/lib/python3.11/site-packages/playwright/_impl/_connection.py:76: in send
    return await self._connection.wrap_api_call(
_ _ _ _ _ _ _ _ _ _ _ _ _ _ _ _ _ _ _ _ _ _ _ _ _ _ _ _ _ _ _ _ _ _ _ _ _ _ _ _ 

self = <playwright._impl._connection.Connection object at 0x102b2ac50>
cb = <function Channel.send.<locals>.<lambda> at 0x10302e980>
is_internal = False, title = None

    async def wrap_api_call(
        self, cb: Callable[[], Any], is_internal: bool = False, title: str = None
    ) -> Any:
        if self._api_zone.get():
            return await cb()
        task = asyncio.current_task(self._loop)
        parsed_st = _attach_api_call_information(
            getattr(task, "__pw_stack__", None) or _capture_stack_trace(),
            is_internal,
            title,
        )
        self._api_zone.set(parsed_st)
        try:
            return await cb()
        except Exception as error:
>           raise rewrite_error(error, f"{parsed_st['apiName']}: {error}") from None
E           playwright._impl._errors.Error: BrowserType.launch: Executable doesn't exist at /tmp/chg235-verify-home/Library/Caches/ms-playwright/chromium_headless_shell-1234/chrome-headless-shell-mac-arm64/chrome-headless-shell
E           ╔════════════════════════════════════════════════════════════╗
E           ║ Looks like Playwright was just installed or updated.       ║
E           ║ Please run the following command to download new browsers: ║
E           ║                                                            ║
E           ║     playwright install                                     ║
E           ║                                                            ║
E           ║ <3 Playwright Team                                         ║
E           ╚════════════════════════════════════════════════════════════╝

/opt/anaconda3/lib/python3.11/site-packages/playwright/_impl/_connection.py:632: Error
_______ ERROR at setup of test_each_registered_widget_renders[dark-rack] _______

    @pytest.fixture(scope='session')
    def browser():
        with sync_playwright() as pw:
            executable=os.environ.get('LAB_CHROMIUM_PATH','/usr/bin/chromium')
            kwargs={'headless':True}
            if Path(executable).is_file():kwargs['executable_path']=executable
>           browser=pw.chromium.launch(**kwargs)
                    ^^^^^^^^^^^^^^^^^^^^^^^^^^^^

experience-lab/tests/test_browser.py:39: 
_ _ _ _ _ _ _ _ _ _ _ _ _ _ _ _ _ _ _ _ _ _ _ _ _ _ _ _ _ _ _ _ _ _ _ _ _ _ _ _ 
/opt/anaconda3/lib/python3.11/site-packages/playwright/sync_api/_generated.py:16702: in launch
    self._sync(
/opt/anaconda3/lib/python3.11/site-packages/playwright/_impl/_browser_type.py:97: in launch
    await self._channel.send(
/opt/anaconda3/lib/python3.11/site-packages/playwright/_impl/_connection.py:76: in send
    return await self._connection.wrap_api_call(
_ _ _ _ _ _ _ _ _ _ _ _ _ _ _ _ _ _ _ _ _ _ _ _ _ _ _ _ _ _ _ _ _ _ _ _ _ _ _ _ 

self = <playwright._impl._connection.Connection object at 0x102b2ac50>
cb = <function Channel.send.<locals>.<lambda> at 0x10302e980>
is_internal = False, title = None

    async def wrap_api_call(
        self, cb: Callable[[], Any], is_internal: bool = False, title: str = None
    ) -> Any:
        if self._api_zone.get():
            return await cb()
        task = asyncio.current_task(self._loop)
        parsed_st = _attach_api_call_information(
            getattr(task, "__pw_stack__", None) or _capture_stack_trace(),
            is_internal,
            title,
        )
        self._api_zone.set(parsed_st)
        try:
            return await cb()
        except Exception as error:
>           raise rewrite_error(error, f"{parsed_st['apiName']}: {error}") from None
E           playwright._impl._errors.Error: BrowserType.launch: Executable doesn't exist at /tmp/chg235-verify-home/Library/Caches/ms-playwright/chromium_headless_shell-1234/chrome-headless-shell-mac-arm64/chrome-headless-shell
E           ╔════════════════════════════════════════════════════════════╗
E           ║ Looks like Playwright was just installed or updated.       ║
E           ║ Please run the following command to download new browsers: ║
E           ║                                                            ║
E           ║     playwright install                                     ║
E           ║                                                            ║
E           ║ <3 Playwright Team                                         ║
E           ╚════════════════════════════════════════════════════════════╝

/opt/anaconda3/lib/python3.11/site-packages/playwright/_impl/_connection.py:632: Error
______ ERROR at setup of test_each_registered_widget_renders[dark-wafer] _______

    @pytest.fixture(scope='session')
    def browser():
        with sync_playwright() as pw:
            executable=os.environ.get('LAB_CHROMIUM_PATH','/usr/bin/chromium')
            kwargs={'headless':True}
            if Path(executable).is_file():kwargs['executable_path']=executable
>           browser=pw.chromium.launch(**kwargs)
                    ^^^^^^^^^^^^^^^^^^^^^^^^^^^^

experience-lab/tests/test_browser.py:39: 
_ _ _ _ _ _ _ _ _ _ _ _ _ _ _ _ _ _ _ _ _ _ _ _ _ _ _ _ _ _ _ _ _ _ _ _ _ _ _ _ 
/opt/anaconda3/lib/python3.11/site-packages/playwright/sync_api/_generated.py:16702: in launch
    self._sync(
/opt/anaconda3/lib/python3.11/site-packages/playwright/_impl/_browser_type.py:97: in launch
    await self._channel.send(
/opt/anaconda3/lib/python3.11/site-packages/playwright/_impl/_connection.py:76: in send
    return await self._connection.wrap_api_call(
_ _ _ _ _ _ _ _ _ _ _ _ _ _ _ _ _ _ _ _ _ _ _ _ _ _ _ _ _ _ _ _ _ _ _ _ _ _ _ _ 

self = <playwright._impl._connection.Connection object at 0x102b2ac50>
cb = <function Channel.send.<locals>.<lambda> at 0x10302e980>
is_internal = False, title = None

    async def wrap_api_call(
        self, cb: Callable[[], Any], is_internal: bool = False, title: str = None
    ) -> Any:
        if self._api_zone.get():
            return await cb()
        task = asyncio.current_task(self._loop)
        parsed_st = _attach_api_call_information(
            getattr(task, "__pw_stack__", None) or _capture_stack_trace(),
            is_internal,
            title,
        )
        self._api_zone.set(parsed_st)
        try:
            return await cb()
        except Exception as error:
>           raise rewrite_error(error, f"{parsed_st['apiName']}: {error}") from None
E           playwright._impl._errors.Error: BrowserType.launch: Executable doesn't exist at /tmp/chg235-verify-home/Library/Caches/ms-playwright/chromium_headless_shell-1234/chrome-headless-shell-mac-arm64/chrome-headless-shell
E           ╔════════════════════════════════════════════════════════════╗
E           ║ Looks like Playwright was just installed or updated.       ║
E           ║ Please run the following command to download new browsers: ║
E           ║                                                            ║
E           ║     playwright install                                     ║
E           ║                                                            ║
E           ║ <3 Playwright Team                                         ║
E           ╚════════════════════════════════════════════════════════════╝

/opt/anaconda3/lib/python3.11/site-packages/playwright/_impl/_connection.py:632: Error
_____ ERROR at setup of test_each_registered_widget_renders[dark-process] ______

    @pytest.fixture(scope='session')
    def browser():
        with sync_playwright() as pw:
            executable=os.environ.get('LAB_CHROMIUM_PATH','/usr/bin/chromium')
            kwargs={'headless':True}
            if Path(executable).is_file():kwargs['executable_path']=executable
>           browser=pw.chromium.launch(**kwargs)
                    ^^^^^^^^^^^^^^^^^^^^^^^^^^^^

experience-lab/tests/test_browser.py:39: 
_ _ _ _ _ _ _ _ _ _ _ _ _ _ _ _ _ _ _ _ _ _ _ _ _ _ _ _ _ _ _ _ _ _ _ _ _ _ _ _ 
/opt/anaconda3/lib/python3.11/site-packages/playwright/sync_api/_generated.py:16702: in launch
    self._sync(
/opt/anaconda3/lib/python3.11/site-packages/playwright/_impl/_browser_type.py:97: in launch
    await self._channel.send(
/opt/anaconda3/lib/python3.11/site-packages/playwright/_impl/_connection.py:76: in send
    return await self._connection.wrap_api_call(
_ _ _ _ _ _ _ _ _ _ _ _ _ _ _ _ _ _ _ _ _ _ _ _ _ _ _ _ _ _ _ _ _ _ _ _ _ _ _ _ 

self = <playwright._impl._connection.Connection object at 0x102b2ac50>
cb = <function Channel.send.<locals>.<lambda> at 0x10302e980>
is_internal = False, title = None

    async def wrap_api_call(
        self, cb: Callable[[], Any], is_internal: bool = False, title: str = None
    ) -> Any:
        if self._api_zone.get():
            return await cb()
        task = asyncio.current_task(self._loop)
        parsed_st = _attach_api_call_information(
            getattr(task, "__pw_stack__", None) or _capture_stack_trace(),
            is_internal,
            title,
        )
        self._api_zone.set(parsed_st)
        try:
            return await cb()
        except Exception as error:
>           raise rewrite_error(error, f"{parsed_st['apiName']}: {error}") from None
E           playwright._impl._errors.Error: BrowserType.launch: Executable doesn't exist at /tmp/chg235-verify-home/Library/Caches/ms-playwright/chromium_headless_shell-1234/chrome-headless-shell-mac-arm64/chrome-headless-shell
E           ╔════════════════════════════════════════════════════════════╗
E           ║ Looks like Playwright was just installed or updated.       ║
E           ║ Please run the following command to download new browsers: ║
E           ║                                                            ║
E           ║     playwright install                                     ║
E           ║                                                            ║
E           ║ <3 Playwright Team                                         ║
E           ╚════════════════════════════════════════════════════════════╝

/opt/anaconda3/lib/python3.11/site-packages/playwright/_impl/_connection.py:632: Error
______ ERROR at setup of test_each_registered_widget_renders[dark-charts] ______

    @pytest.fixture(scope='session')
    def browser():
        with sync_playwright() as pw:
            executable=os.environ.get('LAB_CHROMIUM_PATH','/usr/bin/chromium')
            kwargs={'headless':True}
            if Path(executable).is_file():kwargs['executable_path']=executable
>           browser=pw.chromium.launch(**kwargs)
                    ^^^^^^^^^^^^^^^^^^^^^^^^^^^^

experience-lab/tests/test_browser.py:39: 
_ _ _ _ _ _ _ _ _ _ _ _ _ _ _ _ _ _ _ _ _ _ _ _ _ _ _ _ _ _ _ _ _ _ _ _ _ _ _ _ 
/opt/anaconda3/lib/python3.11/site-packages/playwright/sync_api/_generated.py:16702: in launch
    self._sync(
/opt/anaconda3/lib/python3.11/site-packages/playwright/_impl/_browser_type.py:97: in launch
    await self._channel.send(
/opt/anaconda3/lib/python3.11/site-packages/playwright/_impl/_connection.py:76: in send
    return await self._connection.wrap_api_call(
_ _ _ _ _ _ _ _ _ _ _ _ _ _ _ _ _ _ _ _ _ _ _ _ _ _ _ _ _ _ _ _ _ _ _ _ _ _ _ _ 

self = <playwright._impl._connection.Connection object at 0x102b2ac50>
cb = <function Channel.send.<locals>.<lambda> at 0x10302e980>
is_internal = False, title = None

    async def wrap_api_call(
        self, cb: Callable[[], Any], is_internal: bool = False, title: str = None
    ) -> Any:
        if self._api_zone.get():
            return await cb()
        task = asyncio.current_task(self._loop)
        parsed_st = _attach_api_call_information(
            getattr(task, "__pw_stack__", None) or _capture_stack_trace(),
            is_internal,
            title,
        )
        self._api_zone.set(parsed_st)
        try:
            return await cb()
        except Exception as error:
>           raise rewrite_error(error, f"{parsed_st['apiName']}: {error}") from None
E           playwright._impl._errors.Error: BrowserType.launch: Executable doesn't exist at /tmp/chg235-verify-home/Library/Caches/ms-playwright/chromium_headless_shell-1234/chrome-headless-shell-mac-arm64/chrome-headless-shell
E           ╔════════════════════════════════════════════════════════════╗
E           ║ Looks like Playwright was just installed or updated.       ║
E           ║ Please run the following command to download new browsers: ║
E           ║                                                            ║
E           ║     playwright install                                     ║
E           ║                                                            ║
E           ║ <3 Playwright Team                                         ║
E           ╚════════════════════════════════════════════════════════════╝

/opt/anaconda3/lib/python3.11/site-packages/playwright/_impl/_connection.py:632: Error
_____ ERROR at setup of test_each_registered_widget_renders[dark-topology] _____

    @pytest.fixture(scope='session')
    def browser():
        with sync_playwright() as pw:
            executable=os.environ.get('LAB_CHROMIUM_PATH','/usr/bin/chromium')
            kwargs={'headless':True}
            if Path(executable).is_file():kwargs['executable_path']=executable
>           browser=pw.chromium.launch(**kwargs)
                    ^^^^^^^^^^^^^^^^^^^^^^^^^^^^

experience-lab/tests/test_browser.py:39: 
_ _ _ _ _ _ _ _ _ _ _ _ _ _ _ _ _ _ _ _ _ _ _ _ _ _ _ _ _ _ _ _ _ _ _ _ _ _ _ _ 
/opt/anaconda3/lib/python3.11/site-packages/playwright/sync_api/_generated.py:16702: in launch
    self._sync(
/opt/anaconda3/lib/python3.11/site-packages/playwright/_impl/_browser_type.py:97: in launch
    await self._channel.send(
/opt/anaconda3/lib/python3.11/site-packages/playwright/_impl/_connection.py:76: in send
    return await self._connection.wrap_api_call(
_ _ _ _ _ _ _ _ _ _ _ _ _ _ _ _ _ _ _ _ _ _ _ _ _ _ _ _ _ _ _ _ _ _ _ _ _ _ _ _ 

self = <playwright._impl._connection.Connection object at 0x102b2ac50>
cb = <function Channel.send.<locals>.<lambda> at 0x10302e980>
is_internal = False, title = None

    async def wrap_api_call(
        self, cb: Callable[[], Any], is_internal: bool = False, title: str = None
    ) -> Any:
        if self._api_zone.get():
            return await cb()
        task = asyncio.current_task(self._loop)
        parsed_st = _attach_api_call_information(
            getattr(task, "__pw_stack__", None) or _capture_stack_trace(),
            is_internal,
            title,
        )
        self._api_zone.set(parsed_st)
        try:
            return await cb()
        except Exception as error:
>           raise rewrite_error(error, f"{parsed_st['apiName']}: {error}") from None
E           playwright._impl._errors.Error: BrowserType.launch: Executable doesn't exist at /tmp/chg235-verify-home/Library/Caches/ms-playwright/chromium_headless_shell-1234/chrome-headless-shell-mac-arm64/chrome-headless-shell
E           ╔════════════════════════════════════════════════════════════╗
E           ║ Looks like Playwright was just installed or updated.       ║
E           ║ Please run the following command to download new browsers: ║
E           ║                                                            ║
E           ║     playwright install                                     ║
E           ║                                                            ║
E           ║ <3 Playwright Team                                         ║
E           ╚════════════════════════════════════════════════════════════╝

/opt/anaconda3/lib/python3.11/site-packages/playwright/_impl/_connection.py:632: Error
______ ERROR at setup of test_each_registered_widget_renders[dark-traces] ______

    @pytest.fixture(scope='session')
    def browser():
        with sync_playwright() as pw:
            executable=os.environ.get('LAB_CHROMIUM_PATH','/usr/bin/chromium')
            kwargs={'headless':True}
            if Path(executable).is_file():kwargs['executable_path']=executable
>           browser=pw.chromium.launch(**kwargs)
                    ^^^^^^^^^^^^^^^^^^^^^^^^^^^^

experience-lab/tests/test_browser.py:39: 
_ _ _ _ _ _ _ _ _ _ _ _ _ _ _ _ _ _ _ _ _ _ _ _ _ _ _ _ _ _ _ _ _ _ _ _ _ _ _ _ 
/opt/anaconda3/lib/python3.11/site-packages/playwright/sync_api/_generated.py:16702: in launch
    self._sync(
/opt/anaconda3/lib/python3.11/site-packages/playwright/_impl/_browser_type.py:97: in launch
    await self._channel.send(
/opt/anaconda3/lib/python3.11/site-packages/playwright/_impl/_connection.py:76: in send
    return await self._connection.wrap_api_call(
_ _ _ _ _ _ _ _ _ _ _ _ _ _ _ _ _ _ _ _ _ _ _ _ _ _ _ _ _ _ _ _ _ _ _ _ _ _ _ _ 

self = <playwright._impl._connection.Connection object at 0x102b2ac50>
cb = <function Channel.send.<locals>.<lambda> at 0x10302e980>
is_internal = False, title = None

    async def wrap_api_call(
        self, cb: Callable[[], Any], is_internal: bool = False, title: str = None
    ) -> Any:
        if self._api_zone.get():
            return await cb()
        task = asyncio.current_task(self._loop)
        parsed_st = _attach_api_call_information(
            getattr(task, "__pw_stack__", None) or _capture_stack_trace(),
            is_internal,
            title,
        )
        self._api_zone.set(parsed_st)
        try:
            return await cb()
        except Exception as error:
>           raise rewrite_error(error, f"{parsed_st['apiName']}: {error}") from None
E           playwright._impl._errors.Error: BrowserType.launch: Executable doesn't exist at /tmp/chg235-verify-home/Library/Caches/ms-playwright/chromium_headless_shell-1234/chrome-headless-shell-mac-arm64/chrome-headless-shell
E           ╔════════════════════════════════════════════════════════════╗
E           ║ Looks like Playwright was just installed or updated.       ║
E           ║ Please run the following command to download new browsers: ║
E           ║                                                            ║
E           ║     playwright install                                     ║
E           ║                                                            ║
E           ║ <3 Playwright Team                                         ║
E           ╚════════════════════════════════════════════════════════════╝

/opt/anaconda3/lib/python3.11/site-packages/playwright/_impl/_connection.py:632: Error
_______ ERROR at setup of test_each_registered_widget_renders[dark-logs] _______

    @pytest.fixture(scope='session')
    def browser():
        with sync_playwright() as pw:
            executable=os.environ.get('LAB_CHROMIUM_PATH','/usr/bin/chromium')
            kwargs={'headless':True}
            if Path(executable).is_file():kwargs['executable_path']=executable
>           browser=pw.chromium.launch(**kwargs)
                    ^^^^^^^^^^^^^^^^^^^^^^^^^^^^

experience-lab/tests/test_browser.py:39: 
_ _ _ _ _ _ _ _ _ _ _ _ _ _ _ _ _ _ _ _ _ _ _ _ _ _ _ _ _ _ _ _ _ _ _ _ _ _ _ _ 
/opt/anaconda3/lib/python3.11/site-packages/playwright/sync_api/_generated.py:16702: in launch
    self._sync(
/opt/anaconda3/lib/python3.11/site-packages/playwright/_impl/_browser_type.py:97: in launch
    await self._channel.send(
/opt/anaconda3/lib/python3.11/site-packages/playwright/_impl/_connection.py:76: in send
    return await self._connection.wrap_api_call(
_ _ _ _ _ _ _ _ _ _ _ _ _ _ _ _ _ _ _ _ _ _ _ _ _ _ _ _ _ _ _ _ _ _ _ _ _ _ _ _ 

self = <playwright._impl._connection.Connection object at 0x102b2ac50>
cb = <function Channel.send.<locals>.<lambda> at 0x10302e980>
is_internal = False, title = None

    async def wrap_api_call(
        self, cb: Callable[[], Any], is_internal: bool = False, title: str = None
    ) -> Any:
        if self._api_zone.get():
            return await cb()
        task = asyncio.current_task(self._loop)
        parsed_st = _attach_api_call_information(
            getattr(task, "__pw_stack__", None) or _capture_stack_trace(),
            is_internal,
            title,
        )
        self._api_zone.set(parsed_st)
        try:
            return await cb()
        except Exception as error:
>           raise rewrite_error(error, f"{parsed_st['apiName']}: {error}") from None
E           playwright._impl._errors.Error: BrowserType.launch: Executable doesn't exist at /tmp/chg235-verify-home/Library/Caches/ms-playwright/chromium_headless_shell-1234/chrome-headless-shell-mac-arm64/chrome-headless-shell
E           ╔════════════════════════════════════════════════════════════╗
E           ║ Looks like Playwright was just installed or updated.       ║
E           ║ Please run the following command to download new browsers: ║
E           ║                                                            ║
E           ║     playwright install                                     ║
E           ║                                                            ║
E           ║ <3 Playwright Team                                         ║
E           ╚════════════════════════════════════════════════════════════╝

/opt/anaconda3/lib/python3.11/site-packages/playwright/_impl/_connection.py:632: Error
_______ ERROR at setup of test_each_registered_widget_renders[dark-diff] _______

    @pytest.fixture(scope='session')
    def browser():
        with sync_playwright() as pw:
            executable=os.environ.get('LAB_CHROMIUM_PATH','/usr/bin/chromium')
            kwargs={'headless':True}
            if Path(executable).is_file():kwargs['executable_path']=executable
>           browser=pw.chromium.launch(**kwargs)
                    ^^^^^^^^^^^^^^^^^^^^^^^^^^^^

experience-lab/tests/test_browser.py:39: 
_ _ _ _ _ _ _ _ _ _ _ _ _ _ _ _ _ _ _ _ _ _ _ _ _ _ _ _ _ _ _ _ _ _ _ _ _ _ _ _ 
/opt/anaconda3/lib/python3.11/site-packages/playwright/sync_api/_generated.py:16702: in launch
    self._sync(
/opt/anaconda3/lib/python3.11/site-packages/playwright/_impl/_browser_type.py:97: in launch
    await self._channel.send(
/opt/anaconda3/lib/python3.11/site-packages/playwright/_impl/_connection.py:76: in send
    return await self._connection.wrap_api_call(
_ _ _ _ _ _ _ _ _ _ _ _ _ _ _ _ _ _ _ _ _ _ _ _ _ _ _ _ _ _ _ _ _ _ _ _ _ _ _ _ 

self = <playwright._impl._connection.Connection object at 0x102b2ac50>
cb = <function Channel.send.<locals>.<lambda> at 0x10302e980>
is_internal = False, title = None

    async def wrap_api_call(
        self, cb: Callable[[], Any], is_internal: bool = False, title: str = None
    ) -> Any:
        if self._api_zone.get():
            return await cb()
        task = asyncio.current_task(self._loop)
        parsed_st = _attach_api_call_information(
            getattr(task, "__pw_stack__", None) or _capture_stack_trace(),
            is_internal,
            title,
        )
        self._api_zone.set(parsed_st)
        try:
            return await cb()
        except Exception as error:
>           raise rewrite_error(error, f"{parsed_st['apiName']}: {error}") from None
E           playwright._impl._errors.Error: BrowserType.launch: Executable doesn't exist at /tmp/chg235-verify-home/Library/Caches/ms-playwright/chromium_headless_shell-1234/chrome-headless-shell-mac-arm64/chrome-headless-shell
E           ╔════════════════════════════════════════════════════════════╗
E           ║ Looks like Playwright was just installed or updated.       ║
E           ║ Please run the following command to download new browsers: ║
E           ║                                                            ║
E           ║     playwright install                                     ║
E           ║                                                            ║
E           ║ <3 Playwright Team                                         ║
E           ╚════════════════════════════════════════════════════════════╝

/opt/anaconda3/lib/python3.11/site-packages/playwright/_impl/_connection.py:632: Error
______ ERROR at setup of test_each_registered_widget_renders[dark-forms] _______

    @pytest.fixture(scope='session')
    def browser():
        with sync_playwright() as pw:
            executable=os.environ.get('LAB_CHROMIUM_PATH','/usr/bin/chromium')
            kwargs={'headless':True}
            if Path(executable).is_file():kwargs['executable_path']=executable
>           browser=pw.chromium.launch(**kwargs)
                    ^^^^^^^^^^^^^^^^^^^^^^^^^^^^

experience-lab/tests/test_browser.py:39: 
_ _ _ _ _ _ _ _ _ _ _ _ _ _ _ _ _ _ _ _ _ _ _ _ _ _ _ _ _ _ _ _ _ _ _ _ _ _ _ _ 
/opt/anaconda3/lib/python3.11/site-packages/playwright/sync_api/_generated.py:16702: in launch
    self._sync(
/opt/anaconda3/lib/python3.11/site-packages/playwright/_impl/_browser_type.py:97: in launch
    await self._channel.send(
/opt/anaconda3/lib/python3.11/site-packages/playwright/_impl/_connection.py:76: in send
    return await self._connection.wrap_api_call(
_ _ _ _ _ _ _ _ _ _ _ _ _ _ _ _ _ _ _ _ _ _ _ _ _ _ _ _ _ _ _ _ _ _ _ _ _ _ _ _ 

self = <playwright._impl._connection.Connection object at 0x102b2ac50>
cb = <function Channel.send.<locals>.<lambda> at 0x10302e980>
is_internal = False, title = None

    async def wrap_api_call(
        self, cb: Callable[[], Any], is_internal: bool = False, title: str = None
    ) -> Any:
        if self._api_zone.get():
            return await cb()
        task = asyncio.current_task(self._loop)
        parsed_st = _attach_api_call_information(
            getattr(task, "__pw_stack__", None) or _capture_stack_trace(),
            is_internal,
            title,
        )
        self._api_zone.set(parsed_st)
        try:
            return await cb()
        except Exception as error:
>           raise rewrite_error(error, f"{parsed_st['apiName']}: {error}") from None
E           playwright._impl._errors.Error: BrowserType.launch: Executable doesn't exist at /tmp/chg235-verify-home/Library/Caches/ms-playwright/chromium_headless_shell-1234/chrome-headless-shell-mac-arm64/chrome-headless-shell
E           ╔════════════════════════════════════════════════════════════╗
E           ║ Looks like Playwright was just installed or updated.       ║
E           ║ Please run the following command to download new browsers: ║
E           ║                                                            ║
E           ║     playwright install                                     ║
E           ║                                                            ║
E           ║ <3 Playwright Team                                         ║
E           ╚════════════════════════════════════════════════════════════╝

/opt/anaconda3/lib/python3.11/site-packages/playwright/_impl/_connection.py:632: Error
_____ ERROR at setup of test_each_registered_widget_renders[dark-windows] ______

    @pytest.fixture(scope='session')
    def browser():
        with sync_playwright() as pw:
            executable=os.environ.get('LAB_CHROMIUM_PATH','/usr/bin/chromium')
            kwargs={'headless':True}
            if Path(executable).is_file():kwargs['executable_path']=executable
>           browser=pw.chromium.launch(**kwargs)
                    ^^^^^^^^^^^^^^^^^^^^^^^^^^^^

experience-lab/tests/test_browser.py:39: 
_ _ _ _ _ _ _ _ _ _ _ _ _ _ _ _ _ _ _ _ _ _ _ _ _ _ _ _ _ _ _ _ _ _ _ _ _ _ _ _ 
/opt/anaconda3/lib/python3.11/site-packages/playwright/sync_api/_generated.py:16702: in launch
    self._sync(
/opt/anaconda3/lib/python3.11/site-packages/playwright/_impl/_browser_type.py:97: in launch
    await self._channel.send(
/opt/anaconda3/lib/python3.11/site-packages/playwright/_impl/_connection.py:76: in send
    return await self._connection.wrap_api_call(
_ _ _ _ _ _ _ _ _ _ _ _ _ _ _ _ _ _ _ _ _ _ _ _ _ _ _ _ _ _ _ _ _ _ _ _ _ _ _ _ 

self = <playwright._impl._connection.Connection object at 0x102b2ac50>
cb = <function Channel.send.<locals>.<lambda> at 0x10302e980>
is_internal = False, title = None

    async def wrap_api_call(
        self, cb: Callable[[], Any], is_internal: bool = False, title: str = None
    ) -> Any:
        if self._api_zone.get():
            return await cb()
        task = asyncio.current_task(self._loop)
        parsed_st = _attach_api_call_information(
            getattr(task, "__pw_stack__", None) or _capture_stack_trace(),
            is_internal,
            title,
        )
        self._api_zone.set(parsed_st)
        try:
            return await cb()
        except Exception as error:
>           raise rewrite_error(error, f"{parsed_st['apiName']}: {error}") from None
E           playwright._impl._errors.Error: BrowserType.launch: Executable doesn't exist at /tmp/chg235-verify-home/Library/Caches/ms-playwright/chromium_headless_shell-1234/chrome-headless-shell-mac-arm64/chrome-headless-shell
E           ╔════════════════════════════════════════════════════════════╗
E           ║ Looks like Playwright was just installed or updated.       ║
E           ║ Please run the following command to download new browsers: ║
E           ║                                                            ║
E           ║     playwright install                                     ║
E           ║                                                            ║
E           ║ <3 Playwright Team                                         ║
E           ╚════════════════════════════════════════════════════════════╝

/opt/anaconda3/lib/python3.11/site-packages/playwright/_impl/_connection.py:632: Error
_______ ERROR at setup of test_each_registered_widget_renders[dark-json] _______

    @pytest.fixture(scope='session')
    def browser():
        with sync_playwright() as pw:
            executable=os.environ.get('LAB_CHROMIUM_PATH','/usr/bin/chromium')
            kwargs={'headless':True}
            if Path(executable).is_file():kwargs['executable_path']=executable
>           browser=pw.chromium.launch(**kwargs)
                    ^^^^^^^^^^^^^^^^^^^^^^^^^^^^

experience-lab/tests/test_browser.py:39: 
_ _ _ _ _ _ _ _ _ _ _ _ _ _ _ _ _ _ _ _ _ _ _ _ _ _ _ _ _ _ _ _ _ _ _ _ _ _ _ _ 
/opt/anaconda3/lib/python3.11/site-packages/playwright/sync_api/_generated.py:16702: in launch
    self._sync(
/opt/anaconda3/lib/python3.11/site-packages/playwright/_impl/_browser_type.py:97: in launch
    await self._channel.send(
/opt/anaconda3/lib/python3.11/site-packages/playwright/_impl/_connection.py:76: in send
    return await self._connection.wrap_api_call(
_ _ _ _ _ _ _ _ _ _ _ _ _ _ _ _ _ _ _ _ _ _ _ _ _ _ _ _ _ _ _ _ _ _ _ _ _ _ _ _ 

self = <playwright._impl._connection.Connection object at 0x102b2ac50>
cb = <function Channel.send.<locals>.<lambda> at 0x10302e980>
is_internal = False, title = None

    async def wrap_api_call(
        self, cb: Callable[[], Any], is_internal: bool = False, title: str = None
    ) -> Any:
        if self._api_zone.get():
            return await cb()
        task = asyncio.current_task(self._loop)
        parsed_st = _attach_api_call_information(
            getattr(task, "__pw_stack__", None) or _capture_stack_trace(),
            is_internal,
            title,
        )
        self._api_zone.set(parsed_st)
        try:
            return await cb()
        except Exception as error:
>           raise rewrite_error(error, f"{parsed_st['apiName']}: {error}") from None
E           playwright._impl._errors.Error: BrowserType.launch: Executable doesn't exist at /tmp/chg235-verify-home/Library/Caches/ms-playwright/chromium_headless_shell-1234/chrome-headless-shell-mac-arm64/chrome-headless-shell
E           ╔════════════════════════════════════════════════════════════╗
E           ║ Looks like Playwright was just installed or updated.       ║
E           ║ Please run the following command to download new browsers: ║
E           ║                                                            ║
E           ║     playwright install                                     ║
E           ║                                                            ║
E           ║ <3 Playwright Team                                         ║
E           ╚════════════════════════════════════════════════════════════╝

/opt/anaconda3/lib/python3.11/site-packages/playwright/_impl/_connection.py:632: Error
_____ ERROR at setup of test_each_registered_widget_renders[dark-carrier] ______

    @pytest.fixture(scope='session')
    def browser():
        with sync_playwright() as pw:
            executable=os.environ.get('LAB_CHROMIUM_PATH','/usr/bin/chromium')
            kwargs={'headless':True}
            if Path(executable).is_file():kwargs['executable_path']=executable
>           browser=pw.chromium.launch(**kwargs)
                    ^^^^^^^^^^^^^^^^^^^^^^^^^^^^

experience-lab/tests/test_browser.py:39: 
_ _ _ _ _ _ _ _ _ _ _ _ _ _ _ _ _ _ _ _ _ _ _ _ _ _ _ _ _ _ _ _ _ _ _ _ _ _ _ _ 
/opt/anaconda3/lib/python3.11/site-packages/playwright/sync_api/_generated.py:16702: in launch
    self._sync(
/opt/anaconda3/lib/python3.11/site-packages/playwright/_impl/_browser_type.py:97: in launch
    await self._channel.send(
/opt/anaconda3/lib/python3.11/site-packages/playwright/_impl/_connection.py:76: in send
    return await self._connection.wrap_api_call(
_ _ _ _ _ _ _ _ _ _ _ _ _ _ _ _ _ _ _ _ _ _ _ _ _ _ _ _ _ _ _ _ _ _ _ _ _ _ _ _ 

self = <playwright._impl._connection.Connection object at 0x102b2ac50>
cb = <function Channel.send.<locals>.<lambda> at 0x10302e980>
is_internal = False, title = None

    async def wrap_api_call(
        self, cb: Callable[[], Any], is_internal: bool = False, title: str = None
    ) -> Any:
        if self._api_zone.get():
            return await cb()
        task = asyncio.current_task(self._loop)
        parsed_st = _attach_api_call_information(
            getattr(task, "__pw_stack__", None) or _capture_stack_trace(),
            is_internal,
            title,
        )
        self._api_zone.set(parsed_st)
        try:
            return await cb()
        except Exception as error:
>           raise rewrite_error(error, f"{parsed_st['apiName']}: {error}") from None
E           playwright._impl._errors.Error: BrowserType.launch: Executable doesn't exist at /tmp/chg235-verify-home/Library/Caches/ms-playwright/chromium_headless_shell-1234/chrome-headless-shell-mac-arm64/chrome-headless-shell
E           ╔════════════════════════════════════════════════════════════╗
E           ║ Looks like Playwright was just installed or updated.       ║
E           ║ Please run the following command to download new browsers: ║
E           ║                                                            ║
E           ║     playwright install                                     ║
E           ║                                                            ║
E           ║ <3 Playwright Team                                         ║
E           ╚════════════════════════════════════════════════════════════╝

/opt/anaconda3/lib/python3.11/site-packages/playwright/_impl/_connection.py:632: Error
_____ ERROR at setup of test_each_registered_widget_renders[dark-traveler] _____

    @pytest.fixture(scope='session')
    def browser():
        with sync_playwright() as pw:
            executable=os.environ.get('LAB_CHROMIUM_PATH','/usr/bin/chromium')
            kwargs={'headless':True}
            if Path(executable).is_file():kwargs['executable_path']=executable
>           browser=pw.chromium.launch(**kwargs)
                    ^^^^^^^^^^^^^^^^^^^^^^^^^^^^

experience-lab/tests/test_browser.py:39: 
_ _ _ _ _ _ _ _ _ _ _ _ _ _ _ _ _ _ _ _ _ _ _ _ _ _ _ _ _ _ _ _ _ _ _ _ _ _ _ _ 
/opt/anaconda3/lib/python3.11/site-packages/playwright/sync_api/_generated.py:16702: in launch
    self._sync(
/opt/anaconda3/lib/python3.11/site-packages/playwright/_impl/_browser_type.py:97: in launch
    await self._channel.send(
/opt/anaconda3/lib/python3.11/site-packages/playwright/_impl/_connection.py:76: in send
    return await self._connection.wrap_api_call(
_ _ _ _ _ _ _ _ _ _ _ _ _ _ _ _ _ _ _ _ _ _ _ _ _ _ _ _ _ _ _ _ _ _ _ _ _ _ _ _ 

self = <playwright._impl._connection.Connection object at 0x102b2ac50>
cb = <function Channel.send.<locals>.<lambda> at 0x10302e980>
is_internal = False, title = None

    async def wrap_api_call(
        self, cb: Callable[[], Any], is_internal: bool = False, title: str = None
    ) -> Any:
        if self._api_zone.get():
            return await cb()
        task = asyncio.current_task(self._loop)
        parsed_st = _attach_api_call_information(
            getattr(task, "__pw_stack__", None) or _capture_stack_trace(),
            is_internal,
            title,
        )
        self._api_zone.set(parsed_st)
        try:
            return await cb()
        except Exception as error:
>           raise rewrite_error(error, f"{parsed_st['apiName']}: {error}") from None
E           playwright._impl._errors.Error: BrowserType.launch: Executable doesn't exist at /tmp/chg235-verify-home/Library/Caches/ms-playwright/chromium_headless_shell-1234/chrome-headless-shell-mac-arm64/chrome-headless-shell
E           ╔════════════════════════════════════════════════════════════╗
E           ║ Looks like Playwright was just installed or updated.       ║
E           ║ Please run the following command to download new browsers: ║
E           ║                                                            ║
E           ║     playwright install                                     ║
E           ║                                                            ║
E           ║ <3 Playwright Team                                         ║
E           ╚════════════════════════════════════════════════════════════╝

/opt/anaconda3/lib/python3.11/site-packages/playwright/_impl/_connection.py:632: Error
____ ERROR at setup of test_each_registered_widget_renders[dark-floorplan] _____

    @pytest.fixture(scope='session')
    def browser():
        with sync_playwright() as pw:
            executable=os.environ.get('LAB_CHROMIUM_PATH','/usr/bin/chromium')
            kwargs={'headless':True}
            if Path(executable).is_file():kwargs['executable_path']=executable
>           browser=pw.chromium.launch(**kwargs)
                    ^^^^^^^^^^^^^^^^^^^^^^^^^^^^

experience-lab/tests/test_browser.py:39: 
_ _ _ _ _ _ _ _ _ _ _ _ _ _ _ _ _ _ _ _ _ _ _ _ _ _ _ _ _ _ _ _ _ _ _ _ _ _ _ _ 
/opt/anaconda3/lib/python3.11/site-packages/playwright/sync_api/_generated.py:16702: in launch
    self._sync(
/opt/anaconda3/lib/python3.11/site-packages/playwright/_impl/_browser_type.py:97: in launch
    await self._channel.send(
/opt/anaconda3/lib/python3.11/site-packages/playwright/_impl/_connection.py:76: in send
    return await self._connection.wrap_api_call(
_ _ _ _ _ _ _ _ _ _ _ _ _ _ _ _ _ _ _ _ _ _ _ _ _ _ _ _ _ _ _ _ _ _ _ _ _ _ _ _ 

self = <playwright._impl._connection.Connection object at 0x102b2ac50>
cb = <function Channel.send.<locals>.<lambda> at 0x10302e980>
is_internal = False, title = None

    async def wrap_api_call(
        self, cb: Callable[[], Any], is_internal: bool = False, title: str = None
    ) -> Any:
        if self._api_zone.get():
            return await cb()
        task = asyncio.current_task(self._loop)
        parsed_st = _attach_api_call_information(
            getattr(task, "__pw_stack__", None) or _capture_stack_trace(),
            is_internal,
            title,
        )
        self._api_zone.set(parsed_st)
        try:
            return await cb()
        except Exception as error:
>           raise rewrite_error(error, f"{parsed_st['apiName']}: {error}") from None
E           playwright._impl._errors.Error: BrowserType.launch: Executable doesn't exist at /tmp/chg235-verify-home/Library/Caches/ms-playwright/chromium_headless_shell-1234/chrome-headless-shell-mac-arm64/chrome-headless-shell
E           ╔════════════════════════════════════════════════════════════╗
E           ║ Looks like Playwright was just installed or updated.       ║
E           ║ Please run the following command to download new browsers: ║
E           ║                                                            ║
E           ║     playwright install                                     ║
E           ║                                                            ║
E           ║ <3 Playwright Team                                         ║
E           ╚════════════════════════════════════════════════════════════╝

/opt/anaconda3/lib/python3.11/site-packages/playwright/_impl/_connection.py:632: Error
___ ERROR at setup of test_each_registered_widget_renders[dark-permissions] ____

    @pytest.fixture(scope='session')
    def browser():
        with sync_playwright() as pw:
            executable=os.environ.get('LAB_CHROMIUM_PATH','/usr/bin/chromium')
            kwargs={'headless':True}
            if Path(executable).is_file():kwargs['executable_path']=executable
>           browser=pw.chromium.launch(**kwargs)
                    ^^^^^^^^^^^^^^^^^^^^^^^^^^^^

experience-lab/tests/test_browser.py:39: 
_ _ _ _ _ _ _ _ _ _ _ _ _ _ _ _ _ _ _ _ _ _ _ _ _ _ _ _ _ _ _ _ _ _ _ _ _ _ _ _ 
/opt/anaconda3/lib/python3.11/site-packages/playwright/sync_api/_generated.py:16702: in launch
    self._sync(
/opt/anaconda3/lib/python3.11/site-packages/playwright/_impl/_browser_type.py:97: in launch
    await self._channel.send(
/opt/anaconda3/lib/python3.11/site-packages/playwright/_impl/_connection.py:76: in send
    return await self._connection.wrap_api_call(
_ _ _ _ _ _ _ _ _ _ _ _ _ _ _ _ _ _ _ _ _ _ _ _ _ _ _ _ _ _ _ _ _ _ _ _ _ _ _ _ 

self = <playwright._impl._connection.Connection object at 0x102b2ac50>
cb = <function Channel.send.<locals>.<lambda> at 0x10302e980>
is_internal = False, title = None

    async def wrap_api_call(
        self, cb: Callable[[], Any], is_internal: bool = False, title: str = None
    ) -> Any:
        if self._api_zone.get():
            return await cb()
        task = asyncio.current_task(self._loop)
        parsed_st = _attach_api_call_information(
            getattr(task, "__pw_stack__", None) or _capture_stack_trace(),
            is_internal,
            title,
        )
        self._api_zone.set(parsed_st)
        try:
            return await cb()
        except Exception as error:
>           raise rewrite_error(error, f"{parsed_st['apiName']}: {error}") from None
E           playwright._impl._errors.Error: BrowserType.launch: Executable doesn't exist at /tmp/chg235-verify-home/Library/Caches/ms-playwright/chromium_headless_shell-1234/chrome-headless-shell-mac-arm64/chrome-headless-shell
E           ╔════════════════════════════════════════════════════════════╗
E           ║ Looks like Playwright was just installed or updated.       ║
E           ║ Please run the following command to download new browsers: ║
E           ║                                                            ║
E           ║     playwright install                                     ║
E           ║                                                            ║
E           ║ <3 Playwright Team                                         ║
E           ╚════════════════════════════════════════════════════════════╝

/opt/anaconda3/lib/python3.11/site-packages/playwright/_impl/_connection.py:632: Error
______ ERROR at setup of test_each_registered_widget_renders[dark-split] _______

    @pytest.fixture(scope='session')
    def browser():
        with sync_playwright() as pw:
            executable=os.environ.get('LAB_CHROMIUM_PATH','/usr/bin/chromium')
            kwargs={'headless':True}
            if Path(executable).is_file():kwargs['executable_path']=executable
>           browser=pw.chromium.launch(**kwargs)
                    ^^^^^^^^^^^^^^^^^^^^^^^^^^^^

experience-lab/tests/test_browser.py:39: 
_ _ _ _ _ _ _ _ _ _ _ _ _ _ _ _ _ _ _ _ _ _ _ _ _ _ _ _ _ _ _ _ _ _ _ _ _ _ _ _ 
/opt/anaconda3/lib/python3.11/site-packages/playwright/sync_api/_generated.py:16702: in launch
    self._sync(
/opt/anaconda3/lib/python3.11/site-packages/playwright/_impl/_browser_type.py:97: in launch
    await self._channel.send(
/opt/anaconda3/lib/python3.11/site-packages/playwright/_impl/_connection.py:76: in send
    return await self._connection.wrap_api_call(
_ _ _ _ _ _ _ _ _ _ _ _ _ _ _ _ _ _ _ _ _ _ _ _ _ _ _ _ _ _ _ _ _ _ _ _ _ _ _ _ 

self = <playwright._impl._connection.Connection object at 0x102b2ac50>
cb = <function Channel.send.<locals>.<lambda> at 0x10302e980>
is_internal = False, title = None

    async def wrap_api_call(
        self, cb: Callable[[], Any], is_internal: bool = False, title: str = None
    ) -> Any:
        if self._api_zone.get():
            return await cb()
        task = asyncio.current_task(self._loop)
        parsed_st = _attach_api_call_information(
            getattr(task, "__pw_stack__", None) or _capture_stack_trace(),
            is_internal,
            title,
        )
        self._api_zone.set(parsed_st)
        try:
            return await cb()
        except Exception as error:
>           raise rewrite_error(error, f"{parsed_st['apiName']}: {error}") from None
E           playwright._impl._errors.Error: BrowserType.launch: Executable doesn't exist at /tmp/chg235-verify-home/Library/Caches/ms-playwright/chromium_headless_shell-1234/chrome-headless-shell-mac-arm64/chrome-headless-shell
E           ╔════════════════════════════════════════════════════════════╗
E           ║ Looks like Playwright was just installed or updated.       ║
E           ║ Please run the following command to download new browsers: ║
E           ║                                                            ║
E           ║     playwright install                                     ║
E           ║                                                            ║
E           ║ <3 Playwright Team                                         ║
E           ╚════════════════════════════════════════════════════════════╝

/opt/anaconda3/lib/python3.11/site-packages/playwright/_impl/_connection.py:632: Error
_____ ERROR at setup of test_each_registered_widget_renders[dark-pipeline] _____

    @pytest.fixture(scope='session')
    def browser():
        with sync_playwright() as pw:
            executable=os.environ.get('LAB_CHROMIUM_PATH','/usr/bin/chromium')
            kwargs={'headless':True}
            if Path(executable).is_file():kwargs['executable_path']=executable
>           browser=pw.chromium.launch(**kwargs)
                    ^^^^^^^^^^^^^^^^^^^^^^^^^^^^

experience-lab/tests/test_browser.py:39: 
_ _ _ _ _ _ _ _ _ _ _ _ _ _ _ _ _ _ _ _ _ _ _ _ _ _ _ _ _ _ _ _ _ _ _ _ _ _ _ _ 
/opt/anaconda3/lib/python3.11/site-packages/playwright/sync_api/_generated.py:16702: in launch
    self._sync(
/opt/anaconda3/lib/python3.11/site-packages/playwright/_impl/_browser_type.py:97: in launch
    await self._channel.send(
/opt/anaconda3/lib/python3.11/site-packages/playwright/_impl/_connection.py:76: in send
    return await self._connection.wrap_api_call(
_ _ _ _ _ _ _ _ _ _ _ _ _ _ _ _ _ _ _ _ _ _ _ _ _ _ _ _ _ _ _ _ _ _ _ _ _ _ _ _ 

self = <playwright._impl._connection.Connection object at 0x102b2ac50>
cb = <function Channel.send.<locals>.<lambda> at 0x10302e980>
is_internal = False, title = None

    async def wrap_api_call(
        self, cb: Callable[[], Any], is_internal: bool = False, title: str = None
    ) -> Any:
        if self._api_zone.get():
            return await cb()
        task = asyncio.current_task(self._loop)
        parsed_st = _attach_api_call_information(
            getattr(task, "__pw_stack__", None) or _capture_stack_trace(),
            is_internal,
            title,
        )
        self._api_zone.set(parsed_st)
        try:
            return await cb()
        except Exception as error:
>           raise rewrite_error(error, f"{parsed_st['apiName']}: {error}") from None
E           playwright._impl._errors.Error: BrowserType.launch: Executable doesn't exist at /tmp/chg235-verify-home/Library/Caches/ms-playwright/chromium_headless_shell-1234/chrome-headless-shell-mac-arm64/chrome-headless-shell
E           ╔════════════════════════════════════════════════════════════╗
E           ║ Looks like Playwright was just installed or updated.       ║
E           ║ Please run the following command to download new browsers: ║
E           ║                                                            ║
E           ║     playwright install                                     ║
E           ║                                                            ║
E           ║ <3 Playwright Team                                         ║
E           ╚════════════════════════════════════════════════════════════╝

/opt/anaconda3/lib/python3.11/site-packages/playwright/_impl/_connection.py:632: Error
__ ERROR at setup of test_each_registered_widget_renders[dark-notifications] ___

    @pytest.fixture(scope='session')
    def browser():
        with sync_playwright() as pw:
            executable=os.environ.get('LAB_CHROMIUM_PATH','/usr/bin/chromium')
            kwargs={'headless':True}
            if Path(executable).is_file():kwargs['executable_path']=executable
>           browser=pw.chromium.launch(**kwargs)
                    ^^^^^^^^^^^^^^^^^^^^^^^^^^^^

experience-lab/tests/test_browser.py:39: 
_ _ _ _ _ _ _ _ _ _ _ _ _ _ _ _ _ _ _ _ _ _ _ _ _ _ _ _ _ _ _ _ _ _ _ _ _ _ _ _ 
/opt/anaconda3/lib/python3.11/site-packages/playwright/sync_api/_generated.py:16702: in launch
    self._sync(
/opt/anaconda3/lib/python3.11/site-packages/playwright/_impl/_browser_type.py:97: in launch
    await self._channel.send(
/opt/anaconda3/lib/python3.11/site-packages/playwright/_impl/_connection.py:76: in send
    return await self._connection.wrap_api_call(
_ _ _ _ _ _ _ _ _ _ _ _ _ _ _ _ _ _ _ _ _ _ _ _ _ _ _ _ _ _ _ _ _ _ _ _ _ _ _ _ 

self = <playwright._impl._connection.Connection object at 0x102b2ac50>
cb = <function Channel.send.<locals>.<lambda> at 0x10302e980>
is_internal = False, title = None

    async def wrap_api_call(
        self, cb: Callable[[], Any], is_internal: bool = False, title: str = None
    ) -> Any:
        if self._api_zone.get():
            return await cb()
        task = asyncio.current_task(self._loop)
        parsed_st = _attach_api_call_information(
            getattr(task, "__pw_stack__", None) or _capture_stack_trace(),
            is_internal,
            title,
        )
        self._api_zone.set(parsed_st)
        try:
            return await cb()
        except Exception as error:
>           raise rewrite_error(error, f"{parsed_st['apiName']}: {error}") from None
E           playwright._impl._errors.Error: BrowserType.launch: Executable doesn't exist at /tmp/chg235-verify-home/Library/Caches/ms-playwright/chromium_headless_shell-1234/chrome-headless-shell-mac-arm64/chrome-headless-shell
E           ╔════════════════════════════════════════════════════════════╗
E           ║ Looks like Playwright was just installed or updated.       ║
E           ║ Please run the following command to download new browsers: ║
E           ║                                                            ║
E           ║     playwright install                                     ║
E           ║                                                            ║
E           ║ <3 Playwright Team                                         ║
E           ╚════════════════════════════════════════════════════════════╝

/opt/anaconda3/lib/python3.11/site-packages/playwright/_impl/_connection.py:632: Error
______ ERROR at setup of test_shared_loading_empty_error_contract[tables] ______

    @pytest.fixture(scope='session')
    def browser():
        with sync_playwright() as pw:
            executable=os.environ.get('LAB_CHROMIUM_PATH','/usr/bin/chromium')
            kwargs={'headless':True}
            if Path(executable).is_file():kwargs['executable_path']=executable
>           browser=pw.chromium.launch(**kwargs)
                    ^^^^^^^^^^^^^^^^^^^^^^^^^^^^

experience-lab/tests/test_browser.py:39: 
_ _ _ _ _ _ _ _ _ _ _ _ _ _ _ _ _ _ _ _ _ _ _ _ _ _ _ _ _ _ _ _ _ _ _ _ _ _ _ _ 
/opt/anaconda3/lib/python3.11/site-packages/playwright/sync_api/_generated.py:16702: in launch
    self._sync(
/opt/anaconda3/lib/python3.11/site-packages/playwright/_impl/_browser_type.py:97: in launch
    await self._channel.send(
/opt/anaconda3/lib/python3.11/site-packages/playwright/_impl/_connection.py:76: in send
    return await self._connection.wrap_api_call(
_ _ _ _ _ _ _ _ _ _ _ _ _ _ _ _ _ _ _ _ _ _ _ _ _ _ _ _ _ _ _ _ _ _ _ _ _ _ _ _ 

self = <playwright._impl._connection.Connection object at 0x102b2ac50>
cb = <function Channel.send.<locals>.<lambda> at 0x10302e980>
is_internal = False, title = None

    async def wrap_api_call(
        self, cb: Callable[[], Any], is_internal: bool = False, title: str = None
    ) -> Any:
        if self._api_zone.get():
            return await cb()
        task = asyncio.current_task(self._loop)
        parsed_st = _attach_api_call_information(
            getattr(task, "__pw_stack__", None) or _capture_stack_trace(),
            is_internal,
            title,
        )
        self._api_zone.set(parsed_st)
        try:
            return await cb()
        except Exception as error:
>           raise rewrite_error(error, f"{parsed_st['apiName']}: {error}") from None
E           playwright._impl._errors.Error: BrowserType.launch: Executable doesn't exist at /tmp/chg235-verify-home/Library/Caches/ms-playwright/chromium_headless_shell-1234/chrome-headless-shell-mac-arm64/chrome-headless-shell
E           ╔════════════════════════════════════════════════════════════╗
E           ║ Looks like Playwright was just installed or updated.       ║
E           ║ Please run the following command to download new browsers: ║
E           ║                                                            ║
E           ║     playwright install                                     ║
E           ║                                                            ║
E           ║ <3 Playwright Team                                         ║
E           ╚════════════════════════════════════════════════════════════╝

/opt/anaconda3/lib/python3.11/site-packages/playwright/_impl/_connection.py:632: Error
______ ERROR at setup of test_shared_loading_empty_error_contract[gantt] _______

    @pytest.fixture(scope='session')
    def browser():
        with sync_playwright() as pw:
            executable=os.environ.get('LAB_CHROMIUM_PATH','/usr/bin/chromium')
            kwargs={'headless':True}
            if Path(executable).is_file():kwargs['executable_path']=executable
>           browser=pw.chromium.launch(**kwargs)
                    ^^^^^^^^^^^^^^^^^^^^^^^^^^^^

experience-lab/tests/test_browser.py:39: 
_ _ _ _ _ _ _ _ _ _ _ _ _ _ _ _ _ _ _ _ _ _ _ _ _ _ _ _ _ _ _ _ _ _ _ _ _ _ _ _ 
/opt/anaconda3/lib/python3.11/site-packages/playwright/sync_api/_generated.py:16702: in launch
    self._sync(
/opt/anaconda3/lib/python3.11/site-packages/playwright/_impl/_browser_type.py:97: in launch
    await self._channel.send(
/opt/anaconda3/lib/python3.11/site-packages/playwright/_impl/_connection.py:76: in send
    return await self._connection.wrap_api_call(
_ _ _ _ _ _ _ _ _ _ _ _ _ _ _ _ _ _ _ _ _ _ _ _ _ _ _ _ _ _ _ _ _ _ _ _ _ _ _ _ 

self = <playwright._impl._connection.Connection object at 0x102b2ac50>
cb = <function Channel.send.<locals>.<lambda> at 0x10302e980>
is_internal = False, title = None

    async def wrap_api_call(
        self, cb: Callable[[], Any], is_internal: bool = False, title: str = None
    ) -> Any:
        if self._api_zone.get():
            return await cb()
        task = asyncio.current_task(self._loop)
        parsed_st = _attach_api_call_information(
            getattr(task, "__pw_stack__", None) or _capture_stack_trace(),
            is_internal,
            title,
        )
        self._api_zone.set(parsed_st)
        try:
            return await cb()
        except Exception as error:
>           raise rewrite_error(error, f"{parsed_st['apiName']}: {error}") from None
E           playwright._impl._errors.Error: BrowserType.launch: Executable doesn't exist at /tmp/chg235-verify-home/Library/Caches/ms-playwright/chromium_headless_shell-1234/chrome-headless-shell-mac-arm64/chrome-headless-shell
E           ╔════════════════════════════════════════════════════════════╗
E           ║ Looks like Playwright was just installed or updated.       ║
E           ║ Please run the following command to download new browsers: ║
E           ║                                                            ║
E           ║     playwright install                                     ║
E           ║                                                            ║
E           ║ <3 Playwright Team                                         ║
E           ╚════════════════════════════════════════════════════════════╝

/opt/anaconda3/lib/python3.11/site-packages/playwright/_impl/_connection.py:632: Error
_______ ERROR at setup of test_shared_loading_empty_error_contract[rack] _______

    @pytest.fixture(scope='session')
    def browser():
        with sync_playwright() as pw:
            executable=os.environ.get('LAB_CHROMIUM_PATH','/usr/bin/chromium')
            kwargs={'headless':True}
            if Path(executable).is_file():kwargs['executable_path']=executable
>           browser=pw.chromium.launch(**kwargs)
                    ^^^^^^^^^^^^^^^^^^^^^^^^^^^^

experience-lab/tests/test_browser.py:39: 
_ _ _ _ _ _ _ _ _ _ _ _ _ _ _ _ _ _ _ _ _ _ _ _ _ _ _ _ _ _ _ _ _ _ _ _ _ _ _ _ 
/opt/anaconda3/lib/python3.11/site-packages/playwright/sync_api/_generated.py:16702: in launch
    self._sync(
/opt/anaconda3/lib/python3.11/site-packages/playwright/_impl/_browser_type.py:97: in launch
    await self._channel.send(
/opt/anaconda3/lib/python3.11/site-packages/playwright/_impl/_connection.py:76: in send
    return await self._connection.wrap_api_call(
_ _ _ _ _ _ _ _ _ _ _ _ _ _ _ _ _ _ _ _ _ _ _ _ _ _ _ _ _ _ _ _ _ _ _ _ _ _ _ _ 

self = <playwright._impl._connection.Connection object at 0x102b2ac50>
cb = <function Channel.send.<locals>.<lambda> at 0x10302e980>
is_internal = False, title = None

    async def wrap_api_call(
        self, cb: Callable[[], Any], is_internal: bool = False, title: str = None
    ) -> Any:
        if self._api_zone.get():
            return await cb()
        task = asyncio.current_task(self._loop)
        parsed_st = _attach_api_call_information(
            getattr(task, "__pw_stack__", None) or _capture_stack_trace(),
            is_internal,
            title,
        )
        self._api_zone.set(parsed_st)
        try:
            return await cb()
        except Exception as error:
>           raise rewrite_error(error, f"{parsed_st['apiName']}: {error}") from None
E           playwright._impl._errors.Error: BrowserType.launch: Executable doesn't exist at /tmp/chg235-verify-home/Library/Caches/ms-playwright/chromium_headless_shell-1234/chrome-headless-shell-mac-arm64/chrome-headless-shell
E           ╔════════════════════════════════════════════════════════════╗
E           ║ Looks like Playwright was just installed or updated.       ║
E           ║ Please run the following command to download new browsers: ║
E           ║                                                            ║
E           ║     playwright install                                     ║
E           ║                                                            ║
E           ║ <3 Playwright Team                                         ║
E           ╚════════════════════════════════════════════════════════════╝

/opt/anaconda3/lib/python3.11/site-packages/playwright/_impl/_connection.py:632: Error
______ ERROR at setup of test_shared_loading_empty_error_contract[wafer] _______

    @pytest.fixture(scope='session')
    def browser():
        with sync_playwright() as pw:
            executable=os.environ.get('LAB_CHROMIUM_PATH','/usr/bin/chromium')
            kwargs={'headless':True}
            if Path(executable).is_file():kwargs['executable_path']=executable
>           browser=pw.chromium.launch(**kwargs)
                    ^^^^^^^^^^^^^^^^^^^^^^^^^^^^

experience-lab/tests/test_browser.py:39: 
_ _ _ _ _ _ _ _ _ _ _ _ _ _ _ _ _ _ _ _ _ _ _ _ _ _ _ _ _ _ _ _ _ _ _ _ _ _ _ _ 
/opt/anaconda3/lib/python3.11/site-packages/playwright/sync_api/_generated.py:16702: in launch
    self._sync(
/opt/anaconda3/lib/python3.11/site-packages/playwright/_impl/_browser_type.py:97: in launch
    await self._channel.send(
/opt/anaconda3/lib/python3.11/site-packages/playwright/_impl/_connection.py:76: in send
    return await self._connection.wrap_api_call(
_ _ _ _ _ _ _ _ _ _ _ _ _ _ _ _ _ _ _ _ _ _ _ _ _ _ _ _ _ _ _ _ _ _ _ _ _ _ _ _ 

self = <playwright._impl._connection.Connection object at 0x102b2ac50>
cb = <function Channel.send.<locals>.<lambda> at 0x10302e980>
is_internal = False, title = None

    async def wrap_api_call(
        self, cb: Callable[[], Any], is_internal: bool = False, title: str = None
    ) -> Any:
        if self._api_zone.get():
            return await cb()
        task = asyncio.current_task(self._loop)
        parsed_st = _attach_api_call_information(
            getattr(task, "__pw_stack__", None) or _capture_stack_trace(),
            is_internal,
            title,
        )
        self._api_zone.set(parsed_st)
        try:
            return await cb()
        except Exception as error:
>           raise rewrite_error(error, f"{parsed_st['apiName']}: {error}") from None
E           playwright._impl._errors.Error: BrowserType.launch: Executable doesn't exist at /tmp/chg235-verify-home/Library/Caches/ms-playwright/chromium_headless_shell-1234/chrome-headless-shell-mac-arm64/chrome-headless-shell
E           ╔════════════════════════════════════════════════════════════╗
E           ║ Looks like Playwright was just installed or updated.       ║
E           ║ Please run the following command to download new browsers: ║
E           ║                                                            ║
E           ║     playwright install                                     ║
E           ║                                                            ║
E           ║ <3 Playwright Team                                         ║
E           ╚════════════════════════════════════════════════════════════╝

/opt/anaconda3/lib/python3.11/site-packages/playwright/_impl/_connection.py:632: Error
_____ ERROR at setup of test_shared_loading_empty_error_contract[windows] ______

    @pytest.fixture(scope='session')
    def browser():
        with sync_playwright() as pw:
            executable=os.environ.get('LAB_CHROMIUM_PATH','/usr/bin/chromium')
            kwargs={'headless':True}
            if Path(executable).is_file():kwargs['executable_path']=executable
>           browser=pw.chromium.launch(**kwargs)
                    ^^^^^^^^^^^^^^^^^^^^^^^^^^^^

experience-lab/tests/test_browser.py:39: 
_ _ _ _ _ _ _ _ _ _ _ _ _ _ _ _ _ _ _ _ _ _ _ _ _ _ _ _ _ _ _ _ _ _ _ _ _ _ _ _ 
/opt/anaconda3/lib/python3.11/site-packages/playwright/sync_api/_generated.py:16702: in launch
    self._sync(
/opt/anaconda3/lib/python3.11/site-packages/playwright/_impl/_browser_type.py:97: in launch
    await self._channel.send(
/opt/anaconda3/lib/python3.11/site-packages/playwright/_impl/_connection.py:76: in send
    return await self._connection.wrap_api_call(
_ _ _ _ _ _ _ _ _ _ _ _ _ _ _ _ _ _ _ _ _ _ _ _ _ _ _ _ _ _ _ _ _ _ _ _ _ _ _ _ 

self = <playwright._impl._connection.Connection object at 0x102b2ac50>
cb = <function Channel.send.<locals>.<lambda> at 0x10302e980>
is_internal = False, title = None

    async def wrap_api_call(
        self, cb: Callable[[], Any], is_internal: bool = False, title: str = None
    ) -> Any:
        if self._api_zone.get():
            return await cb()
        task = asyncio.current_task(self._loop)
        parsed_st = _attach_api_call_information(
            getattr(task, "__pw_stack__", None) or _capture_stack_trace(),
            is_internal,
            title,
        )
        self._api_zone.set(parsed_st)
        try:
            return await cb()
        except Exception as error:
>           raise rewrite_error(error, f"{parsed_st['apiName']}: {error}") from None
E           playwright._impl._errors.Error: BrowserType.launch: Executable doesn't exist at /tmp/chg235-verify-home/Library/Caches/ms-playwright/chromium_headless_shell-1234/chrome-headless-shell-mac-arm64/chrome-headless-shell
E           ╔════════════════════════════════════════════════════════════╗
E           ║ Looks like Playwright was just installed or updated.       ║
E           ║ Please run the following command to download new browsers: ║
E           ║                                                            ║
E           ║     playwright install                                     ║
E           ║                                                            ║
E           ║ <3 Playwright Team                                         ║
E           ╚════════════════════════════════════════════════════════════╝

/opt/anaconda3/lib/python3.11/site-packages/playwright/_impl/_connection.py:632: Error
_____ ERROR at setup of test_shared_loading_empty_error_contract[carrier] ______

    @pytest.fixture(scope='session')
    def browser():
        with sync_playwright() as pw:
            executable=os.environ.get('LAB_CHROMIUM_PATH','/usr/bin/chromium')
            kwargs={'headless':True}
            if Path(executable).is_file():kwargs['executable_path']=executable
>           browser=pw.chromium.launch(**kwargs)
                    ^^^^^^^^^^^^^^^^^^^^^^^^^^^^

experience-lab/tests/test_browser.py:39: 
_ _ _ _ _ _ _ _ _ _ _ _ _ _ _ _ _ _ _ _ _ _ _ _ _ _ _ _ _ _ _ _ _ _ _ _ _ _ _ _ 
/opt/anaconda3/lib/python3.11/site-packages/playwright/sync_api/_generated.py:16702: in launch
    self._sync(
/opt/anaconda3/lib/python3.11/site-packages/playwright/_impl/_browser_type.py:97: in launch
    await self._channel.send(
/opt/anaconda3/lib/python3.11/site-packages/playwright/_impl/_connection.py:76: in send
    return await self._connection.wrap_api_call(
_ _ _ _ _ _ _ _ _ _ _ _ _ _ _ _ _ _ _ _ _ _ _ _ _ _ _ _ _ _ _ _ _ _ _ _ _ _ _ _ 

self = <playwright._impl._connection.Connection object at 0x102b2ac50>
cb = <function Channel.send.<locals>.<lambda> at 0x10302e980>
is_internal = False, title = None

    async def wrap_api_call(
        self, cb: Callable[[], Any], is_internal: bool = False, title: str = None
    ) -> Any:
        if self._api_zone.get():
            return await cb()
        task = asyncio.current_task(self._loop)
        parsed_st = _attach_api_call_information(
            getattr(task, "__pw_stack__", None) or _capture_stack_trace(),
            is_internal,
            title,
        )
        self._api_zone.set(parsed_st)
        try:
            return await cb()
        except Exception as error:
>           raise rewrite_error(error, f"{parsed_st['apiName']}: {error}") from None
E           playwright._impl._errors.Error: BrowserType.launch: Executable doesn't exist at /tmp/chg235-verify-home/Library/Caches/ms-playwright/chromium_headless_shell-1234/chrome-headless-shell-mac-arm64/chrome-headless-shell
E           ╔════════════════════════════════════════════════════════════╗
E           ║ Looks like Playwright was just installed or updated.       ║
E           ║ Please run the following command to download new browsers: ║
E           ║                                                            ║
E           ║     playwright install                                     ║
E           ║                                                            ║
E           ║ <3 Playwright Team                                         ║
E           ╚════════════════════════════════════════════════════════════╝

/opt/anaconda3/lib/python3.11/site-packages/playwright/_impl/_connection.py:632: Error
_____ ERROR at setup of test_shared_loading_empty_error_contract[process] ______

    @pytest.fixture(scope='session')
    def browser():
        with sync_playwright() as pw:
            executable=os.environ.get('LAB_CHROMIUM_PATH','/usr/bin/chromium')
            kwargs={'headless':True}
            if Path(executable).is_file():kwargs['executable_path']=executable
>           browser=pw.chromium.launch(**kwargs)
                    ^^^^^^^^^^^^^^^^^^^^^^^^^^^^

experience-lab/tests/test_browser.py:39: 
_ _ _ _ _ _ _ _ _ _ _ _ _ _ _ _ _ _ _ _ _ _ _ _ _ _ _ _ _ _ _ _ _ _ _ _ _ _ _ _ 
/opt/anaconda3/lib/python3.11/site-packages/playwright/sync_api/_generated.py:16702: in launch
    self._sync(
/opt/anaconda3/lib/python3.11/site-packages/playwright/_impl/_browser_type.py:97: in launch
    await self._channel.send(
/opt/anaconda3/lib/python3.11/site-packages/playwright/_impl/_connection.py:76: in send
    return await self._connection.wrap_api_call(
_ _ _ _ _ _ _ _ _ _ _ _ _ _ _ _ _ _ _ _ _ _ _ _ _ _ _ _ _ _ _ _ _ _ _ _ _ _ _ _ 

self = <playwright._impl._connection.Connection object at 0x102b2ac50>
cb = <function Channel.send.<locals>.<lambda> at 0x10302e980>
is_internal = False, title = None

    async def wrap_api_call(
        self, cb: Callable[[], Any], is_internal: bool = False, title: str = None
    ) -> Any:
        if self._api_zone.get():
            return await cb()
        task = asyncio.current_task(self._loop)
        parsed_st = _attach_api_call_information(
            getattr(task, "__pw_stack__", None) or _capture_stack_trace(),
            is_internal,
            title,
        )
        self._api_zone.set(parsed_st)
        try:
            return await cb()
        except Exception as error:
>           raise rewrite_error(error, f"{parsed_st['apiName']}: {error}") from None
E           playwright._impl._errors.Error: BrowserType.launch: Executable doesn't exist at /tmp/chg235-verify-home/Library/Caches/ms-playwright/chromium_headless_shell-1234/chrome-headless-shell-mac-arm64/chrome-headless-shell
E           ╔════════════════════════════════════════════════════════════╗
E           ║ Looks like Playwright was just installed or updated.       ║
E           ║ Please run the following command to download new browsers: ║
E           ║                                                            ║
E           ║     playwright install                                     ║
E           ║                                                            ║
E           ║ <3 Playwright Team                                         ║
E           ╚════════════════════════════════════════════════════════════╝

/opt/anaconda3/lib/python3.11/site-packages/playwright/_impl/_connection.py:632: Error
______ ERROR at setup of test_table_search_filter_sort_selection_archive _______

    @pytest.fixture(scope='session')
    def browser():
        with sync_playwright() as pw:
            executable=os.environ.get('LAB_CHROMIUM_PATH','/usr/bin/chromium')
            kwargs={'headless':True}
            if Path(executable).is_file():kwargs['executable_path']=executable
>           browser=pw.chromium.launch(**kwargs)
                    ^^^^^^^^^^^^^^^^^^^^^^^^^^^^

experience-lab/tests/test_browser.py:39: 
_ _ _ _ _ _ _ _ _ _ _ _ _ _ _ _ _ _ _ _ _ _ _ _ _ _ _ _ _ _ _ _ _ _ _ _ _ _ _ _ 
/opt/anaconda3/lib/python3.11/site-packages/playwright/sync_api/_generated.py:16702: in launch
    self._sync(
/opt/anaconda3/lib/python3.11/site-packages/playwright/_impl/_browser_type.py:97: in launch
    await self._channel.send(
/opt/anaconda3/lib/python3.11/site-packages/playwright/_impl/_connection.py:76: in send
    return await self._connection.wrap_api_call(
_ _ _ _ _ _ _ _ _ _ _ _ _ _ _ _ _ _ _ _ _ _ _ _ _ _ _ _ _ _ _ _ _ _ _ _ _ _ _ _ 

self = <playwright._impl._connection.Connection object at 0x102b2ac50>
cb = <function Channel.send.<locals>.<lambda> at 0x10302e980>
is_internal = False, title = None

    async def wrap_api_call(
        self, cb: Callable[[], Any], is_internal: bool = False, title: str = None
    ) -> Any:
        if self._api_zone.get():
            return await cb()
        task = asyncio.current_task(self._loop)
        parsed_st = _attach_api_call_information(
            getattr(task, "__pw_stack__", None) or _capture_stack_trace(),
            is_internal,
            title,
        )
        self._api_zone.set(parsed_st)
        try:
            return await cb()
        except Exception as error:
>           raise rewrite_error(error, f"{parsed_st['apiName']}: {error}") from None
E           playwright._impl._errors.Error: BrowserType.launch: Executable doesn't exist at /tmp/chg235-verify-home/Library/Caches/ms-playwright/chromium_headless_shell-1234/chrome-headless-shell-mac-arm64/chrome-headless-shell
E           ╔════════════════════════════════════════════════════════════╗
E           ║ Looks like Playwright was just installed or updated.       ║
E           ║ Please run the following command to download new browsers: ║
E           ║                                                            ║
E           ║     playwright install                                     ║
E           ║                                                            ║
E           ║ <3 Playwright Team                                         ║
E           ╚════════════════════════════════════════════════════════════╝

/opt/anaconda3/lib/python3.11/site-packages/playwright/_impl/_connection.py:632: Error
___________ ERROR at setup of test_table_page_scopes_bulk_selection ____________

    @pytest.fixture(scope='session')
    def browser():
        with sync_playwright() as pw:
            executable=os.environ.get('LAB_CHROMIUM_PATH','/usr/bin/chromium')
            kwargs={'headless':True}
            if Path(executable).is_file():kwargs['executable_path']=executable
>           browser=pw.chromium.launch(**kwargs)
                    ^^^^^^^^^^^^^^^^^^^^^^^^^^^^

experience-lab/tests/test_browser.py:39: 
_ _ _ _ _ _ _ _ _ _ _ _ _ _ _ _ _ _ _ _ _ _ _ _ _ _ _ _ _ _ _ _ _ _ _ _ _ _ _ _ 
/opt/anaconda3/lib/python3.11/site-packages/playwright/sync_api/_generated.py:16702: in launch
    self._sync(
/opt/anaconda3/lib/python3.11/site-packages/playwright/_impl/_browser_type.py:97: in launch
    await self._channel.send(
/opt/anaconda3/lib/python3.11/site-packages/playwright/_impl/_connection.py:76: in send
    return await self._connection.wrap_api_call(
_ _ _ _ _ _ _ _ _ _ _ _ _ _ _ _ _ _ _ _ _ _ _ _ _ _ _ _ _ _ _ _ _ _ _ _ _ _ _ _ 

self = <playwright._impl._connection.Connection object at 0x102b2ac50>
cb = <function Channel.send.<locals>.<lambda> at 0x10302e980>
is_internal = False, title = None

    async def wrap_api_call(
        self, cb: Callable[[], Any], is_internal: bool = False, title: str = None
    ) -> Any:
        if self._api_zone.get():
            return await cb()
        task = asyncio.current_task(self._loop)
        parsed_st = _attach_api_call_information(
            getattr(task, "__pw_stack__", None) or _capture_stack_trace(),
            is_internal,
            title,
        )
        self._api_zone.set(parsed_st)
        try:
            return await cb()
        except Exception as error:
>           raise rewrite_error(error, f"{parsed_st['apiName']}: {error}") from None
E           playwright._impl._errors.Error: BrowserType.launch: Executable doesn't exist at /tmp/chg235-verify-home/Library/Caches/ms-playwright/chromium_headless_shell-1234/chrome-headless-shell-mac-arm64/chrome-headless-shell
E           ╔════════════════════════════════════════════════════════════╗
E           ║ Looks like Playwright was just installed or updated.       ║
E           ║ Please run the following command to download new browsers: ║
E           ║                                                            ║
E           ║     playwright install                                     ║
E           ║                                                            ║
E           ║ <3 Playwright Team                                         ║
E           ╚════════════════════════════════════════════════════════════╝

/opt/anaconda3/lib/python3.11/site-packages/playwright/_impl/_connection.py:632: Error
____________ ERROR at setup of test_table_external_text_is_escaped _____________

    @pytest.fixture(scope='session')
    def browser():
        with sync_playwright() as pw:
            executable=os.environ.get('LAB_CHROMIUM_PATH','/usr/bin/chromium')
            kwargs={'headless':True}
            if Path(executable).is_file():kwargs['executable_path']=executable
>           browser=pw.chromium.launch(**kwargs)
                    ^^^^^^^^^^^^^^^^^^^^^^^^^^^^

experience-lab/tests/test_browser.py:39: 
_ _ _ _ _ _ _ _ _ _ _ _ _ _ _ _ _ _ _ _ _ _ _ _ _ _ _ _ _ _ _ _ _ _ _ _ _ _ _ _ 
/opt/anaconda3/lib/python3.11/site-packages/playwright/sync_api/_generated.py:16702: in launch
    self._sync(
/opt/anaconda3/lib/python3.11/site-packages/playwright/_impl/_browser_type.py:97: in launch
    await self._channel.send(
/opt/anaconda3/lib/python3.11/site-packages/playwright/_impl/_connection.py:76: in send
    return await self._connection.wrap_api_call(
_ _ _ _ _ _ _ _ _ _ _ _ _ _ _ _ _ _ _ _ _ _ _ _ _ _ _ _ _ _ _ _ _ _ _ _ _ _ _ _ 

self = <playwright._impl._connection.Connection object at 0x102b2ac50>
cb = <function Channel.send.<locals>.<lambda> at 0x10302e980>
is_internal = False, title = None

    async def wrap_api_call(
        self, cb: Callable[[], Any], is_internal: bool = False, title: str = None
    ) -> Any:
        if self._api_zone.get():
            return await cb()
        task = asyncio.current_task(self._loop)
        parsed_st = _attach_api_call_information(
            getattr(task, "__pw_stack__", None) or _capture_stack_trace(),
            is_internal,
            title,
        )
        self._api_zone.set(parsed_st)
        try:
            return await cb()
        except Exception as error:
>           raise rewrite_error(error, f"{parsed_st['apiName']}: {error}") from None
E           playwright._impl._errors.Error: BrowserType.launch: Executable doesn't exist at /tmp/chg235-verify-home/Library/Caches/ms-playwright/chromium_headless_shell-1234/chrome-headless-shell-mac-arm64/chrome-headless-shell
E           ╔════════════════════════════════════════════════════════════╗
E           ║ Looks like Playwright was just installed or updated.       ║
E           ║ Please run the following command to download new browsers: ║
E           ║                                                            ║
E           ║     playwright install                                     ║
E           ║                                                            ║
E           ║ <3 Playwright Team                                         ║
E           ╚════════════════════════════════════════════════════════════╝

/opt/anaconda3/lib/python3.11/site-packages/playwright/_impl/_connection.py:632: Error
________ ERROR at setup of test_board_keyboard_equivalent_and_readonly _________

    @pytest.fixture(scope='session')
    def browser():
        with sync_playwright() as pw:
            executable=os.environ.get('LAB_CHROMIUM_PATH','/usr/bin/chromium')
            kwargs={'headless':True}
            if Path(executable).is_file():kwargs['executable_path']=executable
>           browser=pw.chromium.launch(**kwargs)
                    ^^^^^^^^^^^^^^^^^^^^^^^^^^^^

experience-lab/tests/test_browser.py:39: 
_ _ _ _ _ _ _ _ _ _ _ _ _ _ _ _ _ _ _ _ _ _ _ _ _ _ _ _ _ _ _ _ _ _ _ _ _ _ _ _ 
/opt/anaconda3/lib/python3.11/site-packages/playwright/sync_api/_generated.py:16702: in launch
    self._sync(
/opt/anaconda3/lib/python3.11/site-packages/playwright/_impl/_browser_type.py:97: in launch
    await self._channel.send(
/opt/anaconda3/lib/python3.11/site-packages/playwright/_impl/_connection.py:76: in send
    return await self._connection.wrap_api_call(
_ _ _ _ _ _ _ _ _ _ _ _ _ _ _ _ _ _ _ _ _ _ _ _ _ _ _ _ _ _ _ _ _ _ _ _ _ _ _ _ 

self = <playwright._impl._connection.Connection object at 0x102b2ac50>
cb = <function Channel.send.<locals>.<lambda> at 0x10302e980>
is_internal = False, title = None

    async def wrap_api_call(
        self, cb: Callable[[], Any], is_internal: bool = False, title: str = None
    ) -> Any:
        if self._api_zone.get():
            return await cb()
        task = asyncio.current_task(self._loop)
        parsed_st = _attach_api_call_information(
            getattr(task, "__pw_stack__", None) or _capture_stack_trace(),
            is_internal,
            title,
        )
        self._api_zone.set(parsed_st)
        try:
            return await cb()
        except Exception as error:
>           raise rewrite_error(error, f"{parsed_st['apiName']}: {error}") from None
E           playwright._impl._errors.Error: BrowserType.launch: Executable doesn't exist at /tmp/chg235-verify-home/Library/Caches/ms-playwright/chromium_headless_shell-1234/chrome-headless-shell-mac-arm64/chrome-headless-shell
E           ╔════════════════════════════════════════════════════════════╗
E           ║ Looks like Playwright was just installed or updated.       ║
E           ║ Please run the following command to download new browsers: ║
E           ║                                                            ║
E           ║     playwright install                                     ║
E           ║                                                            ║
E           ║ <3 Playwright Team                                         ║
E           ╚════════════════════════════════════════════════════════════╝

/opt/anaconda3/lib/python3.11/site-packages/playwright/_impl/_connection.py:632: Error
_____ ERROR at setup of test_gantt_rejects_overlap_and_applies_safe_dates ______

    @pytest.fixture(scope='session')
    def browser():
        with sync_playwright() as pw:
            executable=os.environ.get('LAB_CHROMIUM_PATH','/usr/bin/chromium')
            kwargs={'headless':True}
            if Path(executable).is_file():kwargs['executable_path']=executable
>           browser=pw.chromium.launch(**kwargs)
                    ^^^^^^^^^^^^^^^^^^^^^^^^^^^^

experience-lab/tests/test_browser.py:39: 
_ _ _ _ _ _ _ _ _ _ _ _ _ _ _ _ _ _ _ _ _ _ _ _ _ _ _ _ _ _ _ _ _ _ _ _ _ _ _ _ 
/opt/anaconda3/lib/python3.11/site-packages/playwright/sync_api/_generated.py:16702: in launch
    self._sync(
/opt/anaconda3/lib/python3.11/site-packages/playwright/_impl/_browser_type.py:97: in launch
    await self._channel.send(
/opt/anaconda3/lib/python3.11/site-packages/playwright/_impl/_connection.py:76: in send
    return await self._connection.wrap_api_call(
_ _ _ _ _ _ _ _ _ _ _ _ _ _ _ _ _ _ _ _ _ _ _ _ _ _ _ _ _ _ _ _ _ _ _ _ _ _ _ _ 

self = <playwright._impl._connection.Connection object at 0x102b2ac50>
cb = <function Channel.send.<locals>.<lambda> at 0x10302e980>
is_internal = False, title = None

    async def wrap_api_call(
        self, cb: Callable[[], Any], is_internal: bool = False, title: str = None
    ) -> Any:
        if self._api_zone.get():
            return await cb()
        task = asyncio.current_task(self._loop)
        parsed_st = _attach_api_call_information(
            getattr(task, "__pw_stack__", None) or _capture_stack_trace(),
            is_internal,
            title,
        )
        self._api_zone.set(parsed_st)
        try:
            return await cb()
        except Exception as error:
>           raise rewrite_error(error, f"{parsed_st['apiName']}: {error}") from None
E           playwright._impl._errors.Error: BrowserType.launch: Executable doesn't exist at /tmp/chg235-verify-home/Library/Caches/ms-playwright/chromium_headless_shell-1234/chrome-headless-shell-mac-arm64/chrome-headless-shell
E           ╔════════════════════════════════════════════════════════════╗
E           ║ Looks like Playwright was just installed or updated.       ║
E           ║ Please run the following command to download new browsers: ║
E           ║                                                            ║
E           ║     playwright install                                     ║
E           ║                                                            ║
E           ║ <3 Playwright Team                                         ║
E           ╚════════════════════════════════════════════════════════════╝

/opt/anaconda3/lib/python3.11/site-packages/playwright/_impl/_connection.py:632: Error
___________ ERROR at setup of test_rack_rejects_collision_and_moves ____________

    @pytest.fixture(scope='session')
    def browser():
        with sync_playwright() as pw:
            executable=os.environ.get('LAB_CHROMIUM_PATH','/usr/bin/chromium')
            kwargs={'headless':True}
            if Path(executable).is_file():kwargs['executable_path']=executable
>           browser=pw.chromium.launch(**kwargs)
                    ^^^^^^^^^^^^^^^^^^^^^^^^^^^^

experience-lab/tests/test_browser.py:39: 
_ _ _ _ _ _ _ _ _ _ _ _ _ _ _ _ _ _ _ _ _ _ _ _ _ _ _ _ _ _ _ _ _ _ _ _ _ _ _ _ 
/opt/anaconda3/lib/python3.11/site-packages/playwright/sync_api/_generated.py:16702: in launch
    self._sync(
/opt/anaconda3/lib/python3.11/site-packages/playwright/_impl/_browser_type.py:97: in launch
    await self._channel.send(
/opt/anaconda3/lib/python3.11/site-packages/playwright/_impl/_connection.py:76: in send
    return await self._connection.wrap_api_call(
_ _ _ _ _ _ _ _ _ _ _ _ _ _ _ _ _ _ _ _ _ _ _ _ _ _ _ _ _ _ _ _ _ _ _ _ _ _ _ _ 

self = <playwright._impl._connection.Connection object at 0x102b2ac50>
cb = <function Channel.send.<locals>.<lambda> at 0x10302e980>
is_internal = False, title = None

    async def wrap_api_call(
        self, cb: Callable[[], Any], is_internal: bool = False, title: str = None
    ) -> Any:
        if self._api_zone.get():
            return await cb()
        task = asyncio.current_task(self._loop)
        parsed_st = _attach_api_call_information(
            getattr(task, "__pw_stack__", None) or _capture_stack_trace(),
            is_internal,
            title,
        )
        self._api_zone.set(parsed_st)
        try:
            return await cb()
        except Exception as error:
>           raise rewrite_error(error, f"{parsed_st['apiName']}: {error}") from None
E           playwright._impl._errors.Error: BrowserType.launch: Executable doesn't exist at /tmp/chg235-verify-home/Library/Caches/ms-playwright/chromium_headless_shell-1234/chrome-headless-shell-mac-arm64/chrome-headless-shell
E           ╔════════════════════════════════════════════════════════════╗
E           ║ Looks like Playwright was just installed or updated.       ║
E           ║ Please run the following command to download new browsers: ║
E           ║                                                            ║
E           ║     playwright install                                     ║
E           ║                                                            ║
E           ║ <3 Playwright Team                                         ║
E           ╚════════════════════════════════════════════════════════════╝

/opt/anaconda3/lib/python3.11/site-packages/playwright/_impl/_connection.py:632: Error
___________ ERROR at setup of test_wafer_filter_keyboard_and_details ___________

    @pytest.fixture(scope='session')
    def browser():
        with sync_playwright() as pw:
            executable=os.environ.get('LAB_CHROMIUM_PATH','/usr/bin/chromium')
            kwargs={'headless':True}
            if Path(executable).is_file():kwargs['executable_path']=executable
>           browser=pw.chromium.launch(**kwargs)
                    ^^^^^^^^^^^^^^^^^^^^^^^^^^^^

experience-lab/tests/test_browser.py:39: 
_ _ _ _ _ _ _ _ _ _ _ _ _ _ _ _ _ _ _ _ _ _ _ _ _ _ _ _ _ _ _ _ _ _ _ _ _ _ _ _ 
/opt/anaconda3/lib/python3.11/site-packages/playwright/sync_api/_generated.py:16702: in launch
    self._sync(
/opt/anaconda3/lib/python3.11/site-packages/playwright/_impl/_browser_type.py:97: in launch
    await self._channel.send(
/opt/anaconda3/lib/python3.11/site-packages/playwright/_impl/_connection.py:76: in send
    return await self._connection.wrap_api_call(
_ _ _ _ _ _ _ _ _ _ _ _ _ _ _ _ _ _ _ _ _ _ _ _ _ _ _ _ _ _ _ _ _ _ _ _ _ _ _ _ 

self = <playwright._impl._connection.Connection object at 0x102b2ac50>
cb = <function Channel.send.<locals>.<lambda> at 0x10302e980>
is_internal = False, title = None

    async def wrap_api_call(
        self, cb: Callable[[], Any], is_internal: bool = False, title: str = None
    ) -> Any:
        if self._api_zone.get():
            return await cb()
        task = asyncio.current_task(self._loop)
        parsed_st = _attach_api_call_information(
            getattr(task, "__pw_stack__", None) or _capture_stack_trace(),
            is_internal,
            title,
        )
        self._api_zone.set(parsed_st)
        try:
            return await cb()
        except Exception as error:
>           raise rewrite_error(error, f"{parsed_st['apiName']}: {error}") from None
E           playwright._impl._errors.Error: BrowserType.launch: Executable doesn't exist at /tmp/chg235-verify-home/Library/Caches/ms-playwright/chromium_headless_shell-1234/chrome-headless-shell-mac-arm64/chrome-headless-shell
E           ╔════════════════════════════════════════════════════════════╗
E           ║ Looks like Playwright was just installed or updated.       ║
E           ║ Please run the following command to download new browsers: ║
E           ║                                                            ║
E           ║     playwright install                                     ║
E           ║                                                            ║
E           ║ <3 Playwright Team                                         ║
E           ╚════════════════════════════════════════════════════════════╝

/opt/anaconda3/lib/python3.11/site-packages/playwright/_impl/_connection.py:632: Error
____________ ERROR at setup of test_calendar_add_and_month_boundary ____________

    @pytest.fixture(scope='session')
    def browser():
        with sync_playwright() as pw:
            executable=os.environ.get('LAB_CHROMIUM_PATH','/usr/bin/chromium')
            kwargs={'headless':True}
            if Path(executable).is_file():kwargs['executable_path']=executable
>           browser=pw.chromium.launch(**kwargs)
                    ^^^^^^^^^^^^^^^^^^^^^^^^^^^^

experience-lab/tests/test_browser.py:39: 
_ _ _ _ _ _ _ _ _ _ _ _ _ _ _ _ _ _ _ _ _ _ _ _ _ _ _ _ _ _ _ _ _ _ _ _ _ _ _ _ 
/opt/anaconda3/lib/python3.11/site-packages/playwright/sync_api/_generated.py:16702: in launch
    self._sync(
/opt/anaconda3/lib/python3.11/site-packages/playwright/_impl/_browser_type.py:97: in launch
    await self._channel.send(
/opt/anaconda3/lib/python3.11/site-packages/playwright/_impl/_connection.py:76: in send
    return await self._connection.wrap_api_call(
_ _ _ _ _ _ _ _ _ _ _ _ _ _ _ _ _ _ _ _ _ _ _ _ _ _ _ _ _ _ _ _ _ _ _ _ _ _ _ _ 

self = <playwright._impl._connection.Connection object at 0x102b2ac50>
cb = <function Channel.send.<locals>.<lambda> at 0x10302e980>
is_internal = False, title = None

    async def wrap_api_call(
        self, cb: Callable[[], Any], is_internal: bool = False, title: str = None
    ) -> Any:
        if self._api_zone.get():
            return await cb()
        task = asyncio.current_task(self._loop)
        parsed_st = _attach_api_call_information(
            getattr(task, "__pw_stack__", None) or _capture_stack_trace(),
            is_internal,
            title,
        )
        self._api_zone.set(parsed_st)
        try:
            return await cb()
        except Exception as error:
>           raise rewrite_error(error, f"{parsed_st['apiName']}: {error}") from None
E           playwright._impl._errors.Error: BrowserType.launch: Executable doesn't exist at /tmp/chg235-verify-home/Library/Caches/ms-playwright/chromium_headless_shell-1234/chrome-headless-shell-mac-arm64/chrome-headless-shell
E           ╔════════════════════════════════════════════════════════════╗
E           ║ Looks like Playwright was just installed or updated.       ║
E           ║ Please run the following command to download new browsers: ║
E           ║                                                            ║
E           ║     playwright install                                     ║
E           ║                                                            ║
E           ║ <3 Playwright Team                                         ║
E           ╚════════════════════════════════════════════════════════════╝

/opt/anaconda3/lib/python3.11/site-packages/playwright/_impl/_connection.py:632: Error
______ ERROR at setup of test_windows_dirty_escape_focus_and_wizard_draft ______

    @pytest.fixture(scope='session')
    def browser():
        with sync_playwright() as pw:
            executable=os.environ.get('LAB_CHROMIUM_PATH','/usr/bin/chromium')
            kwargs={'headless':True}
            if Path(executable).is_file():kwargs['executable_path']=executable
>           browser=pw.chromium.launch(**kwargs)
                    ^^^^^^^^^^^^^^^^^^^^^^^^^^^^

experience-lab/tests/test_browser.py:39: 
_ _ _ _ _ _ _ _ _ _ _ _ _ _ _ _ _ _ _ _ _ _ _ _ _ _ _ _ _ _ _ _ _ _ _ _ _ _ _ _ 
/opt/anaconda3/lib/python3.11/site-packages/playwright/sync_api/_generated.py:16702: in launch
    self._sync(
/opt/anaconda3/lib/python3.11/site-packages/playwright/_impl/_browser_type.py:97: in launch
    await self._channel.send(
/opt/anaconda3/lib/python3.11/site-packages/playwright/_impl/_connection.py:76: in send
    return await self._connection.wrap_api_call(
_ _ _ _ _ _ _ _ _ _ _ _ _ _ _ _ _ _ _ _ _ _ _ _ _ _ _ _ _ _ _ _ _ _ _ _ _ _ _ _ 

self = <playwright._impl._connection.Connection object at 0x102b2ac50>
cb = <function Channel.send.<locals>.<lambda> at 0x10302e980>
is_internal = False, title = None

    async def wrap_api_call(
        self, cb: Callable[[], Any], is_internal: bool = False, title: str = None
    ) -> Any:
        if self._api_zone.get():
            return await cb()
        task = asyncio.current_task(self._loop)
        parsed_st = _attach_api_call_information(
            getattr(task, "__pw_stack__", None) or _capture_stack_trace(),
            is_internal,
            title,
        )
        self._api_zone.set(parsed_st)
        try:
            return await cb()
        except Exception as error:
>           raise rewrite_error(error, f"{parsed_st['apiName']}: {error}") from None
E           playwright._impl._errors.Error: BrowserType.launch: Executable doesn't exist at /tmp/chg235-verify-home/Library/Caches/ms-playwright/chromium_headless_shell-1234/chrome-headless-shell-mac-arm64/chrome-headless-shell
E           ╔════════════════════════════════════════════════════════════╗
E           ║ Looks like Playwright was just installed or updated.       ║
E           ║ Please run the following command to download new browsers: ║
E           ║                                                            ║
E           ║     playwright install                                     ║
E           ║                                                            ║
E           ║ <3 Playwright Team                                         ║
E           ╚════════════════════════════════════════════════════════════╝

/opt/anaconda3/lib/python3.11/site-packages/playwright/_impl/_connection.py:632: Error
_________ ERROR at setup of test_all_window_types_close_and_trap_focus _________

    @pytest.fixture(scope='session')
    def browser():
        with sync_playwright() as pw:
            executable=os.environ.get('LAB_CHROMIUM_PATH','/usr/bin/chromium')
            kwargs={'headless':True}
            if Path(executable).is_file():kwargs['executable_path']=executable
>           browser=pw.chromium.launch(**kwargs)
                    ^^^^^^^^^^^^^^^^^^^^^^^^^^^^

experience-lab/tests/test_browser.py:39: 
_ _ _ _ _ _ _ _ _ _ _ _ _ _ _ _ _ _ _ _ _ _ _ _ _ _ _ _ _ _ _ _ _ _ _ _ _ _ _ _ 
/opt/anaconda3/lib/python3.11/site-packages/playwright/sync_api/_generated.py:16702: in launch
    self._sync(
/opt/anaconda3/lib/python3.11/site-packages/playwright/_impl/_browser_type.py:97: in launch
    await self._channel.send(
/opt/anaconda3/lib/python3.11/site-packages/playwright/_impl/_connection.py:76: in send
    return await self._connection.wrap_api_call(
_ _ _ _ _ _ _ _ _ _ _ _ _ _ _ _ _ _ _ _ _ _ _ _ _ _ _ _ _ _ _ _ _ _ _ _ _ _ _ _ 

self = <playwright._impl._connection.Connection object at 0x102b2ac50>
cb = <function Channel.send.<locals>.<lambda> at 0x10302e980>
is_internal = False, title = None

    async def wrap_api_call(
        self, cb: Callable[[], Any], is_internal: bool = False, title: str = None
    ) -> Any:
        if self._api_zone.get():
            return await cb()
        task = asyncio.current_task(self._loop)
        parsed_st = _attach_api_call_information(
            getattr(task, "__pw_stack__", None) or _capture_stack_trace(),
            is_internal,
            title,
        )
        self._api_zone.set(parsed_st)
        try:
            return await cb()
        except Exception as error:
>           raise rewrite_error(error, f"{parsed_st['apiName']}: {error}") from None
E           playwright._impl._errors.Error: BrowserType.launch: Executable doesn't exist at /tmp/chg235-verify-home/Library/Caches/ms-playwright/chromium_headless_shell-1234/chrome-headless-shell-mac-arm64/chrome-headless-shell
E           ╔════════════════════════════════════════════════════════════╗
E           ║ Looks like Playwright was just installed or updated.       ║
E           ║ Please run the following command to download new browsers: ║
E           ║                                                            ║
E           ║     playwright install                                     ║
E           ║                                                            ║
E           ║ <3 Playwright Team                                         ║
E           ╚════════════════════════════════════════════════════════════╝

/opt/anaconda3/lib/python3.11/site-packages/playwright/_impl/_connection.py:632: Error
_________ ERROR at setup of test_theme_switch_preserves_unsaved_input __________

    @pytest.fixture(scope='session')
    def browser():
        with sync_playwright() as pw:
            executable=os.environ.get('LAB_CHROMIUM_PATH','/usr/bin/chromium')
            kwargs={'headless':True}
            if Path(executable).is_file():kwargs['executable_path']=executable
>           browser=pw.chromium.launch(**kwargs)
                    ^^^^^^^^^^^^^^^^^^^^^^^^^^^^

experience-lab/tests/test_browser.py:39: 
_ _ _ _ _ _ _ _ _ _ _ _ _ _ _ _ _ _ _ _ _ _ _ _ _ _ _ _ _ _ _ _ _ _ _ _ _ _ _ _ 
/opt/anaconda3/lib/python3.11/site-packages/playwright/sync_api/_generated.py:16702: in launch
    self._sync(
/opt/anaconda3/lib/python3.11/site-packages/playwright/_impl/_browser_type.py:97: in launch
    await self._channel.send(
/opt/anaconda3/lib/python3.11/site-packages/playwright/_impl/_connection.py:76: in send
    return await self._connection.wrap_api_call(
_ _ _ _ _ _ _ _ _ _ _ _ _ _ _ _ _ _ _ _ _ _ _ _ _ _ _ _ _ _ _ _ _ _ _ _ _ _ _ _ 

self = <playwright._impl._connection.Connection object at 0x102b2ac50>
cb = <function Channel.send.<locals>.<lambda> at 0x10302e980>
is_internal = False, title = None

    async def wrap_api_call(
        self, cb: Callable[[], Any], is_internal: bool = False, title: str = None
    ) -> Any:
        if self._api_zone.get():
            return await cb()
        task = asyncio.current_task(self._loop)
        parsed_st = _attach_api_call_information(
            getattr(task, "__pw_stack__", None) or _capture_stack_trace(),
            is_internal,
            title,
        )
        self._api_zone.set(parsed_st)
        try:
            return await cb()
        except Exception as error:
>           raise rewrite_error(error, f"{parsed_st['apiName']}: {error}") from None
E           playwright._impl._errors.Error: BrowserType.launch: Executable doesn't exist at /tmp/chg235-verify-home/Library/Caches/ms-playwright/chromium_headless_shell-1234/chrome-headless-shell-mac-arm64/chrome-headless-shell
E           ╔════════════════════════════════════════════════════════════╗
E           ║ Looks like Playwright was just installed or updated.       ║
E           ║ Please run the following command to download new browsers: ║
E           ║                                                            ║
E           ║     playwright install                                     ║
E           ║                                                            ║
E           ║ <3 Playwright Team                                         ║
E           ╚════════════════════════════════════════════════════════════╝

/opt/anaconda3/lib/python3.11/site-packages/playwright/_impl/_connection.py:632: Error
________ ERROR at setup of test_carrier_reassignment_retains_uniqueness ________

    @pytest.fixture(scope='session')
    def browser():
        with sync_playwright() as pw:
            executable=os.environ.get('LAB_CHROMIUM_PATH','/usr/bin/chromium')
            kwargs={'headless':True}
            if Path(executable).is_file():kwargs['executable_path']=executable
>           browser=pw.chromium.launch(**kwargs)
                    ^^^^^^^^^^^^^^^^^^^^^^^^^^^^

experience-lab/tests/test_browser.py:39: 
_ _ _ _ _ _ _ _ _ _ _ _ _ _ _ _ _ _ _ _ _ _ _ _ _ _ _ _ _ _ _ _ _ _ _ _ _ _ _ _ 
/opt/anaconda3/lib/python3.11/site-packages/playwright/sync_api/_generated.py:16702: in launch
    self._sync(
/opt/anaconda3/lib/python3.11/site-packages/playwright/_impl/_browser_type.py:97: in launch
    await self._channel.send(
/opt/anaconda3/lib/python3.11/site-packages/playwright/_impl/_connection.py:76: in send
    return await self._connection.wrap_api_call(
_ _ _ _ _ _ _ _ _ _ _ _ _ _ _ _ _ _ _ _ _ _ _ _ _ _ _ _ _ _ _ _ _ _ _ _ _ _ _ _ 

self = <playwright._impl._connection.Connection object at 0x102b2ac50>
cb = <function Channel.send.<locals>.<lambda> at 0x10302e980>
is_internal = False, title = None

    async def wrap_api_call(
        self, cb: Callable[[], Any], is_internal: bool = False, title: str = None
    ) -> Any:
        if self._api_zone.get():
            return await cb()
        task = asyncio.current_task(self._loop)
        parsed_st = _attach_api_call_information(
            getattr(task, "__pw_stack__", None) or _capture_stack_trace(),
            is_internal,
            title,
        )
        self._api_zone.set(parsed_st)
        try:
            return await cb()
        except Exception as error:
>           raise rewrite_error(error, f"{parsed_st['apiName']}: {error}") from None
E           playwright._impl._errors.Error: BrowserType.launch: Executable doesn't exist at /tmp/chg235-verify-home/Library/Caches/ms-playwright/chromium_headless_shell-1234/chrome-headless-shell-mac-arm64/chrome-headless-shell
E           ╔════════════════════════════════════════════════════════════╗
E           ║ Looks like Playwright was just installed or updated.       ║
E           ║ Please run the following command to download new browsers: ║
E           ║                                                            ║
E           ║     playwright install                                     ║
E           ║                                                            ║
E           ║ <3 Playwright Team                                         ║
E           ╚════════════════════════════════════════════════════════════╝

/opt/anaconda3/lib/python3.11/site-packages/playwright/_impl/_connection.py:632: Error
_____ ERROR at setup of test_traveler_rejects_skipping_and_completes_step ______

    @pytest.fixture(scope='session')
    def browser():
        with sync_playwright() as pw:
            executable=os.environ.get('LAB_CHROMIUM_PATH','/usr/bin/chromium')
            kwargs={'headless':True}
            if Path(executable).is_file():kwargs['executable_path']=executable
>           browser=pw.chromium.launch(**kwargs)
                    ^^^^^^^^^^^^^^^^^^^^^^^^^^^^

experience-lab/tests/test_browser.py:39: 
_ _ _ _ _ _ _ _ _ _ _ _ _ _ _ _ _ _ _ _ _ _ _ _ _ _ _ _ _ _ _ _ _ _ _ _ _ _ _ _ 
/opt/anaconda3/lib/python3.11/site-packages/playwright/sync_api/_generated.py:16702: in launch
    self._sync(
/opt/anaconda3/lib/python3.11/site-packages/playwright/_impl/_browser_type.py:97: in launch
    await self._channel.send(
/opt/anaconda3/lib/python3.11/site-packages/playwright/_impl/_connection.py:76: in send
    return await self._connection.wrap_api_call(
_ _ _ _ _ _ _ _ _ _ _ _ _ _ _ _ _ _ _ _ _ _ _ _ _ _ _ _ _ _ _ _ _ _ _ _ _ _ _ _ 

self = <playwright._impl._connection.Connection object at 0x102b2ac50>
cb = <function Channel.send.<locals>.<lambda> at 0x10302e980>
is_internal = False, title = None

    async def wrap_api_call(
        self, cb: Callable[[], Any], is_internal: bool = False, title: str = None
    ) -> Any:
        if self._api_zone.get():
            return await cb()
        task = asyncio.current_task(self._loop)
        parsed_st = _attach_api_call_information(
            getattr(task, "__pw_stack__", None) or _capture_stack_trace(),
            is_internal,
            title,
        )
        self._api_zone.set(parsed_st)
        try:
            return await cb()
        except Exception as error:
>           raise rewrite_error(error, f"{parsed_st['apiName']}: {error}") from None
E           playwright._impl._errors.Error: BrowserType.launch: Executable doesn't exist at /tmp/chg235-verify-home/Library/Caches/ms-playwright/chromium_headless_shell-1234/chrome-headless-shell-mac-arm64/chrome-headless-shell
E           ╔════════════════════════════════════════════════════════════╗
E           ║ Looks like Playwright was just installed or updated.       ║
E           ║ Please run the following command to download new browsers: ║
E           ║                                                            ║
E           ║     playwright install                                     ║
E           ║                                                            ║
E           ║ <3 Playwright Team                                         ║
E           ╚════════════════════════════════════════════════════════════╝

/opt/anaconda3/lib/python3.11/site-packages/playwright/_impl/_connection.py:632: Error
_________ ERROR at setup of test_notifications_and_permission_readonly _________

    @pytest.fixture(scope='session')
    def browser():
        with sync_playwright() as pw:
            executable=os.environ.get('LAB_CHROMIUM_PATH','/usr/bin/chromium')
            kwargs={'headless':True}
            if Path(executable).is_file():kwargs['executable_path']=executable
>           browser=pw.chromium.launch(**kwargs)
                    ^^^^^^^^^^^^^^^^^^^^^^^^^^^^

experience-lab/tests/test_browser.py:39: 
_ _ _ _ _ _ _ _ _ _ _ _ _ _ _ _ _ _ _ _ _ _ _ _ _ _ _ _ _ _ _ _ _ _ _ _ _ _ _ _ 
/opt/anaconda3/lib/python3.11/site-packages/playwright/sync_api/_generated.py:16702: in launch
    self._sync(
/opt/anaconda3/lib/python3.11/site-packages/playwright/_impl/_browser_type.py:97: in launch
    await self._channel.send(
/opt/anaconda3/lib/python3.11/site-packages/playwright/_impl/_connection.py:76: in send
    return await self._connection.wrap_api_call(
_ _ _ _ _ _ _ _ _ _ _ _ _ _ _ _ _ _ _ _ _ _ _ _ _ _ _ _ _ _ _ _ _ _ _ _ _ _ _ _ 

self = <playwright._impl._connection.Connection object at 0x102b2ac50>
cb = <function Channel.send.<locals>.<lambda> at 0x10302e980>
is_internal = False, title = None

    async def wrap_api_call(
        self, cb: Callable[[], Any], is_internal: bool = False, title: str = None
    ) -> Any:
        if self._api_zone.get():
            return await cb()
        task = asyncio.current_task(self._loop)
        parsed_st = _attach_api_call_information(
            getattr(task, "__pw_stack__", None) or _capture_stack_trace(),
            is_internal,
            title,
        )
        self._api_zone.set(parsed_st)
        try:
            return await cb()
        except Exception as error:
>           raise rewrite_error(error, f"{parsed_st['apiName']}: {error}") from None
E           playwright._impl._errors.Error: BrowserType.launch: Executable doesn't exist at /tmp/chg235-verify-home/Library/Caches/ms-playwright/chromium_headless_shell-1234/chrome-headless-shell-mac-arm64/chrome-headless-shell
E           ╔════════════════════════════════════════════════════════════╗
E           ║ Looks like Playwright was just installed or updated.       ║
E           ║ Please run the following command to download new browsers: ║
E           ║                                                            ║
E           ║     playwright install                                     ║
E           ║                                                            ║
E           ║ <3 Playwright Team                                         ║
E           ╚════════════════════════════════════════════════════════════╝

/opt/anaconda3/lib/python3.11/site-packages/playwright/_impl/_connection.py:632: Error
_________________ ERROR at setup of test_split_keyboard_resize _________________

    @pytest.fixture(scope='session')
    def browser():
        with sync_playwright() as pw:
            executable=os.environ.get('LAB_CHROMIUM_PATH','/usr/bin/chromium')
            kwargs={'headless':True}
            if Path(executable).is_file():kwargs['executable_path']=executable
>           browser=pw.chromium.launch(**kwargs)
                    ^^^^^^^^^^^^^^^^^^^^^^^^^^^^

experience-lab/tests/test_browser.py:39: 
_ _ _ _ _ _ _ _ _ _ _ _ _ _ _ _ _ _ _ _ _ _ _ _ _ _ _ _ _ _ _ _ _ _ _ _ _ _ _ _ 
/opt/anaconda3/lib/python3.11/site-packages/playwright/sync_api/_generated.py:16702: in launch
    self._sync(
/opt/anaconda3/lib/python3.11/site-packages/playwright/_impl/_browser_type.py:97: in launch
    await self._channel.send(
/opt/anaconda3/lib/python3.11/site-packages/playwright/_impl/_connection.py:76: in send
    return await self._connection.wrap_api_call(
_ _ _ _ _ _ _ _ _ _ _ _ _ _ _ _ _ _ _ _ _ _ _ _ _ _ _ _ _ _ _ _ _ _ _ _ _ _ _ _ 

self = <playwright._impl._connection.Connection object at 0x102b2ac50>
cb = <function Channel.send.<locals>.<lambda> at 0x10302e980>
is_internal = False, title = None

    async def wrap_api_call(
        self, cb: Callable[[], Any], is_internal: bool = False, title: str = None
    ) -> Any:
        if self._api_zone.get():
            return await cb()
        task = asyncio.current_task(self._loop)
        parsed_st = _attach_api_call_information(
            getattr(task, "__pw_stack__", None) or _capture_stack_trace(),
            is_internal,
            title,
        )
        self._api_zone.set(parsed_st)
        try:
            return await cb()
        except Exception as error:
>           raise rewrite_error(error, f"{parsed_st['apiName']}: {error}") from None
E           playwright._impl._errors.Error: BrowserType.launch: Executable doesn't exist at /tmp/chg235-verify-home/Library/Caches/ms-playwright/chromium_headless_shell-1234/chrome-headless-shell-mac-arm64/chrome-headless-shell
E           ╔════════════════════════════════════════════════════════════╗
E           ║ Looks like Playwright was just installed or updated.       ║
E           ║ Please run the following command to download new browsers: ║
E           ║                                                            ║
E           ║     playwright install                                     ║
E           ║                                                            ║
E           ║ <3 Playwright Team                                         ║
E           ╚════════════════════════════════════════════════════════════╝

/opt/anaconda3/lib/python3.11/site-packages/playwright/_impl/_connection.py:632: Error
___________ ERROR at setup of test_json_validates_without_execution ____________

    @pytest.fixture(scope='session')
    def browser():
        with sync_playwright() as pw:
            executable=os.environ.get('LAB_CHROMIUM_PATH','/usr/bin/chromium')
            kwargs={'headless':True}
            if Path(executable).is_file():kwargs['executable_path']=executable
>           browser=pw.chromium.launch(**kwargs)
                    ^^^^^^^^^^^^^^^^^^^^^^^^^^^^

experience-lab/tests/test_browser.py:39: 
_ _ _ _ _ _ _ _ _ _ _ _ _ _ _ _ _ _ _ _ _ _ _ _ _ _ _ _ _ _ _ _ _ _ _ _ _ _ _ _ 
/opt/anaconda3/lib/python3.11/site-packages/playwright/sync_api/_generated.py:16702: in launch
    self._sync(
/opt/anaconda3/lib/python3.11/site-packages/playwright/_impl/_browser_type.py:97: in launch
    await self._channel.send(
/opt/anaconda3/lib/python3.11/site-packages/playwright/_impl/_connection.py:76: in send
    return await self._connection.wrap_api_call(
_ _ _ _ _ _ _ _ _ _ _ _ _ _ _ _ _ _ _ _ _ _ _ _ _ _ _ _ _ _ _ _ _ _ _ _ _ _ _ _ 

self = <playwright._impl._connection.Connection object at 0x102b2ac50>
cb = <function Channel.send.<locals>.<lambda> at 0x10302e980>
is_internal = False, title = None

    async def wrap_api_call(
        self, cb: Callable[[], Any], is_internal: bool = False, title: str = None
    ) -> Any:
        if self._api_zone.get():
            return await cb()
        task = asyncio.current_task(self._loop)
        parsed_st = _attach_api_call_information(
            getattr(task, "__pw_stack__", None) or _capture_stack_trace(),
            is_internal,
            title,
        )
        self._api_zone.set(parsed_st)
        try:
            return await cb()
        except Exception as error:
>           raise rewrite_error(error, f"{parsed_st['apiName']}: {error}") from None
E           playwright._impl._errors.Error: BrowserType.launch: Executable doesn't exist at /tmp/chg235-verify-home/Library/Caches/ms-playwright/chromium_headless_shell-1234/chrome-headless-shell-mac-arm64/chrome-headless-shell
E           ╔════════════════════════════════════════════════════════════╗
E           ║ Looks like Playwright was just installed or updated.       ║
E           ║ Please run the following command to download new browsers: ║
E           ║                                                            ║
E           ║     playwright install                                     ║
E           ║                                                            ║
E           ║ <3 Playwright Team                                         ║
E           ╚════════════════════════════════════════════════════════════╝

/opt/anaconda3/lib/python3.11/site-packages/playwright/_impl/_connection.py:632: Error
___________ ERROR at setup of test_command_palette_and_tab_keyboard ____________

    @pytest.fixture(scope='session')
    def browser():
        with sync_playwright() as pw:
            executable=os.environ.get('LAB_CHROMIUM_PATH','/usr/bin/chromium')
            kwargs={'headless':True}
            if Path(executable).is_file():kwargs['executable_path']=executable
>           browser=pw.chromium.launch(**kwargs)
                    ^^^^^^^^^^^^^^^^^^^^^^^^^^^^

experience-lab/tests/test_browser.py:39: 
_ _ _ _ _ _ _ _ _ _ _ _ _ _ _ _ _ _ _ _ _ _ _ _ _ _ _ _ _ _ _ _ _ _ _ _ _ _ _ _ 
/opt/anaconda3/lib/python3.11/site-packages/playwright/sync_api/_generated.py:16702: in launch
    self._sync(
/opt/anaconda3/lib/python3.11/site-packages/playwright/_impl/_browser_type.py:97: in launch
    await self._channel.send(
/opt/anaconda3/lib/python3.11/site-packages/playwright/_impl/_connection.py:76: in send
    return await self._connection.wrap_api_call(
_ _ _ _ _ _ _ _ _ _ _ _ _ _ _ _ _ _ _ _ _ _ _ _ _ _ _ _ _ _ _ _ _ _ _ _ _ _ _ _ 

self = <playwright._impl._connection.Connection object at 0x102b2ac50>
cb = <function Channel.send.<locals>.<lambda> at 0x10302e980>
is_internal = False, title = None

    async def wrap_api_call(
        self, cb: Callable[[], Any], is_internal: bool = False, title: str = None
    ) -> Any:
        if self._api_zone.get():
            return await cb()
        task = asyncio.current_task(self._loop)
        parsed_st = _attach_api_call_information(
            getattr(task, "__pw_stack__", None) or _capture_stack_trace(),
            is_internal,
            title,
        )
        self._api_zone.set(parsed_st)
        try:
            return await cb()
        except Exception as error:
>           raise rewrite_error(error, f"{parsed_st['apiName']}: {error}") from None
E           playwright._impl._errors.Error: BrowserType.launch: Executable doesn't exist at /tmp/chg235-verify-home/Library/Caches/ms-playwright/chromium_headless_shell-1234/chrome-headless-shell-mac-arm64/chrome-headless-shell
E           ╔════════════════════════════════════════════════════════════╗
E           ║ Looks like Playwright was just installed or updated.       ║
E           ║ Please run the following command to download new browsers: ║
E           ║                                                            ║
E           ║     playwright install                                     ║
E           ║                                                            ║
E           ║ <3 Playwright Team                                         ║
E           ╚════════════════════════════════════════════════════════════╝

/opt/anaconda3/lib/python3.11/site-packages/playwright/_impl/_connection.py:632: Error
____ ERROR at setup of test_mobile_page_has_no_document_overflow[overview] _____

    @pytest.fixture(scope='session')
    def browser():
        with sync_playwright() as pw:
            executable=os.environ.get('LAB_CHROMIUM_PATH','/usr/bin/chromium')
            kwargs={'headless':True}
            if Path(executable).is_file():kwargs['executable_path']=executable
>           browser=pw.chromium.launch(**kwargs)
                    ^^^^^^^^^^^^^^^^^^^^^^^^^^^^

experience-lab/tests/test_browser.py:39: 
_ _ _ _ _ _ _ _ _ _ _ _ _ _ _ _ _ _ _ _ _ _ _ _ _ _ _ _ _ _ _ _ _ _ _ _ _ _ _ _ 
/opt/anaconda3/lib/python3.11/site-packages/playwright/sync_api/_generated.py:16702: in launch
    self._sync(
/opt/anaconda3/lib/python3.11/site-packages/playwright/_impl/_browser_type.py:97: in launch
    await self._channel.send(
/opt/anaconda3/lib/python3.11/site-packages/playwright/_impl/_connection.py:76: in send
    return await self._connection.wrap_api_call(
_ _ _ _ _ _ _ _ _ _ _ _ _ _ _ _ _ _ _ _ _ _ _ _ _ _ _ _ _ _ _ _ _ _ _ _ _ _ _ _ 

self = <playwright._impl._connection.Connection object at 0x102b2ac50>
cb = <function Channel.send.<locals>.<lambda> at 0x10302e980>
is_internal = False, title = None

    async def wrap_api_call(
        self, cb: Callable[[], Any], is_internal: bool = False, title: str = None
    ) -> Any:
        if self._api_zone.get():
            return await cb()
        task = asyncio.current_task(self._loop)
        parsed_st = _attach_api_call_information(
            getattr(task, "__pw_stack__", None) or _capture_stack_trace(),
            is_internal,
            title,
        )
        self._api_zone.set(parsed_st)
        try:
            return await cb()
        except Exception as error:
>           raise rewrite_error(error, f"{parsed_st['apiName']}: {error}") from None
E           playwright._impl._errors.Error: BrowserType.launch: Executable doesn't exist at /tmp/chg235-verify-home/Library/Caches/ms-playwright/chromium_headless_shell-1234/chrome-headless-shell-mac-arm64/chrome-headless-shell
E           ╔════════════════════════════════════════════════════════════╗
E           ║ Looks like Playwright was just installed or updated.       ║
E           ║ Please run the following command to download new browsers: ║
E           ║                                                            ║
E           ║     playwright install                                     ║
E           ║                                                            ║
E           ║ <3 Playwright Team                                         ║
E           ╚════════════════════════════════════════════════════════════╝

/opt/anaconda3/lib/python3.11/site-packages/playwright/_impl/_connection.py:632: Error
_____ ERROR at setup of test_mobile_page_has_no_document_overflow[tables] ______

    @pytest.fixture(scope='session')
    def browser():
        with sync_playwright() as pw:
            executable=os.environ.get('LAB_CHROMIUM_PATH','/usr/bin/chromium')
            kwargs={'headless':True}
            if Path(executable).is_file():kwargs['executable_path']=executable
>           browser=pw.chromium.launch(**kwargs)
                    ^^^^^^^^^^^^^^^^^^^^^^^^^^^^

experience-lab/tests/test_browser.py:39: 
_ _ _ _ _ _ _ _ _ _ _ _ _ _ _ _ _ _ _ _ _ _ _ _ _ _ _ _ _ _ _ _ _ _ _ _ _ _ _ _ 
/opt/anaconda3/lib/python3.11/site-packages/playwright/sync_api/_generated.py:16702: in launch
    self._sync(
/opt/anaconda3/lib/python3.11/site-packages/playwright/_impl/_browser_type.py:97: in launch
    await self._channel.send(
/opt/anaconda3/lib/python3.11/site-packages/playwright/_impl/_connection.py:76: in send
    return await self._connection.wrap_api_call(
_ _ _ _ _ _ _ _ _ _ _ _ _ _ _ _ _ _ _ _ _ _ _ _ _ _ _ _ _ _ _ _ _ _ _ _ _ _ _ _ 

self = <playwright._impl._connection.Connection object at 0x102b2ac50>
cb = <function Channel.send.<locals>.<lambda> at 0x10302e980>
is_internal = False, title = None

    async def wrap_api_call(
        self, cb: Callable[[], Any], is_internal: bool = False, title: str = None
    ) -> Any:
        if self._api_zone.get():
            return await cb()
        task = asyncio.current_task(self._loop)
        parsed_st = _attach_api_call_information(
            getattr(task, "__pw_stack__", None) or _capture_stack_trace(),
            is_internal,
            title,
        )
        self._api_zone.set(parsed_st)
        try:
            return await cb()
        except Exception as error:
>           raise rewrite_error(error, f"{parsed_st['apiName']}: {error}") from None
E           playwright._impl._errors.Error: BrowserType.launch: Executable doesn't exist at /tmp/chg235-verify-home/Library/Caches/ms-playwright/chromium_headless_shell-1234/chrome-headless-shell-mac-arm64/chrome-headless-shell
E           ╔════════════════════════════════════════════════════════════╗
E           ║ Looks like Playwright was just installed or updated.       ║
E           ║ Please run the following command to download new browsers: ║
E           ║                                                            ║
E           ║     playwright install                                     ║
E           ║                                                            ║
E           ║ <3 Playwright Team                                         ║
E           ╚════════════════════════════════════════════════════════════╝

/opt/anaconda3/lib/python3.11/site-packages/playwright/_impl/_connection.py:632: Error
_____ ERROR at setup of test_mobile_page_has_no_document_overflow[windows] _____

    @pytest.fixture(scope='session')
    def browser():
        with sync_playwright() as pw:
            executable=os.environ.get('LAB_CHROMIUM_PATH','/usr/bin/chromium')
            kwargs={'headless':True}
            if Path(executable).is_file():kwargs['executable_path']=executable
>           browser=pw.chromium.launch(**kwargs)
                    ^^^^^^^^^^^^^^^^^^^^^^^^^^^^

experience-lab/tests/test_browser.py:39: 
_ _ _ _ _ _ _ _ _ _ _ _ _ _ _ _ _ _ _ _ _ _ _ _ _ _ _ _ _ _ _ _ _ _ _ _ _ _ _ _ 
/opt/anaconda3/lib/python3.11/site-packages/playwright/sync_api/_generated.py:16702: in launch
    self._sync(
/opt/anaconda3/lib/python3.11/site-packages/playwright/_impl/_browser_type.py:97: in launch
    await self._channel.send(
/opt/anaconda3/lib/python3.11/site-packages/playwright/_impl/_connection.py:76: in send
    return await self._connection.wrap_api_call(
_ _ _ _ _ _ _ _ _ _ _ _ _ _ _ _ _ _ _ _ _ _ _ _ _ _ _ _ _ _ _ _ _ _ _ _ _ _ _ _ 

self = <playwright._impl._connection.Connection object at 0x102b2ac50>
cb = <function Channel.send.<locals>.<lambda> at 0x10302e980>
is_internal = False, title = None

    async def wrap_api_call(
        self, cb: Callable[[], Any], is_internal: bool = False, title: str = None
    ) -> Any:
        if self._api_zone.get():
            return await cb()
        task = asyncio.current_task(self._loop)
        parsed_st = _attach_api_call_information(
            getattr(task, "__pw_stack__", None) or _capture_stack_trace(),
            is_internal,
            title,
        )
        self._api_zone.set(parsed_st)
        try:
            return await cb()
        except Exception as error:
>           raise rewrite_error(error, f"{parsed_st['apiName']}: {error}") from None
E           playwright._impl._errors.Error: BrowserType.launch: Executable doesn't exist at /tmp/chg235-verify-home/Library/Caches/ms-playwright/chromium_headless_shell-1234/chrome-headless-shell-mac-arm64/chrome-headless-shell
E           ╔════════════════════════════════════════════════════════════╗
E           ║ Looks like Playwright was just installed or updated.       ║
E           ║ Please run the following command to download new browsers: ║
E           ║                                                            ║
E           ║     playwright install                                     ║
E           ║                                                            ║
E           ║ <3 Playwright Team                                         ║
E           ╚════════════════════════════════════════════════════════════╝

/opt/anaconda3/lib/python3.11/site-packages/playwright/_impl/_connection.py:632: Error
______ ERROR at setup of test_mobile_page_has_no_document_overflow[wafer] ______

    @pytest.fixture(scope='session')
    def browser():
        with sync_playwright() as pw:
            executable=os.environ.get('LAB_CHROMIUM_PATH','/usr/bin/chromium')
            kwargs={'headless':True}
            if Path(executable).is_file():kwargs['executable_path']=executable
>           browser=pw.chromium.launch(**kwargs)
                    ^^^^^^^^^^^^^^^^^^^^^^^^^^^^

experience-lab/tests/test_browser.py:39: 
_ _ _ _ _ _ _ _ _ _ _ _ _ _ _ _ _ _ _ _ _ _ _ _ _ _ _ _ _ _ _ _ _ _ _ _ _ _ _ _ 
/opt/anaconda3/lib/python3.11/site-packages/playwright/sync_api/_generated.py:16702: in launch
    self._sync(
/opt/anaconda3/lib/python3.11/site-packages/playwright/_impl/_browser_type.py:97: in launch
    await self._channel.send(
/opt/anaconda3/lib/python3.11/site-packages/playwright/_impl/_connection.py:76: in send
    return await self._connection.wrap_api_call(
_ _ _ _ _ _ _ _ _ _ _ _ _ _ _ _ _ _ _ _ _ _ _ _ _ _ _ _ _ _ _ _ _ _ _ _ _ _ _ _ 

self = <playwright._impl._connection.Connection object at 0x102b2ac50>
cb = <function Channel.send.<locals>.<lambda> at 0x10302e980>
is_internal = False, title = None

    async def wrap_api_call(
        self, cb: Callable[[], Any], is_internal: bool = False, title: str = None
    ) -> Any:
        if self._api_zone.get():
            return await cb()
        task = asyncio.current_task(self._loop)
        parsed_st = _attach_api_call_information(
            getattr(task, "__pw_stack__", None) or _capture_stack_trace(),
            is_internal,
            title,
        )
        self._api_zone.set(parsed_st)
        try:
            return await cb()
        except Exception as error:
>           raise rewrite_error(error, f"{parsed_st['apiName']}: {error}") from None
E           playwright._impl._errors.Error: BrowserType.launch: Executable doesn't exist at /tmp/chg235-verify-home/Library/Caches/ms-playwright/chromium_headless_shell-1234/chrome-headless-shell-mac-arm64/chrome-headless-shell
E           ╔════════════════════════════════════════════════════════════╗
E           ║ Looks like Playwright was just installed or updated.       ║
E           ║ Please run the following command to download new browsers: ║
E           ║                                                            ║
E           ║     playwright install                                     ║
E           ║                                                            ║
E           ║ <3 Playwright Team                                         ║
E           ╚════════════════════════════════════════════════════════════╝

/opt/anaconda3/lib/python3.11/site-packages/playwright/_impl/_connection.py:632: Error
______ ERROR at setup of test_mobile_page_has_no_document_overflow[rack] _______

    @pytest.fixture(scope='session')
    def browser():
        with sync_playwright() as pw:
            executable=os.environ.get('LAB_CHROMIUM_PATH','/usr/bin/chromium')
            kwargs={'headless':True}
            if Path(executable).is_file():kwargs['executable_path']=executable
>           browser=pw.chromium.launch(**kwargs)
                    ^^^^^^^^^^^^^^^^^^^^^^^^^^^^

experience-lab/tests/test_browser.py:39: 
_ _ _ _ _ _ _ _ _ _ _ _ _ _ _ _ _ _ _ _ _ _ _ _ _ _ _ _ _ _ _ _ _ _ _ _ _ _ _ _ 
/opt/anaconda3/lib/python3.11/site-packages/playwright/sync_api/_generated.py:16702: in launch
    self._sync(
/opt/anaconda3/lib/python3.11/site-packages/playwright/_impl/_browser_type.py:97: in launch
    await self._channel.send(
/opt/anaconda3/lib/python3.11/site-packages/playwright/_impl/_connection.py:76: in send
    return await self._connection.wrap_api_call(
_ _ _ _ _ _ _ _ _ _ _ _ _ _ _ _ _ _ _ _ _ _ _ _ _ _ _ _ _ _ _ _ _ _ _ _ _ _ _ _ 

self = <playwright._impl._connection.Connection object at 0x102b2ac50>
cb = <function Channel.send.<locals>.<lambda> at 0x10302e980>
is_internal = False, title = None

    async def wrap_api_call(
        self, cb: Callable[[], Any], is_internal: bool = False, title: str = None
    ) -> Any:
        if self._api_zone.get():
            return await cb()
        task = asyncio.current_task(self._loop)
        parsed_st = _attach_api_call_information(
            getattr(task, "__pw_stack__", None) or _capture_stack_trace(),
            is_internal,
            title,
        )
        self._api_zone.set(parsed_st)
        try:
            return await cb()
        except Exception as error:
>           raise rewrite_error(error, f"{parsed_st['apiName']}: {error}") from None
E           playwright._impl._errors.Error: BrowserType.launch: Executable doesn't exist at /tmp/chg235-verify-home/Library/Caches/ms-playwright/chromium_headless_shell-1234/chrome-headless-shell-mac-arm64/chrome-headless-shell
E           ╔════════════════════════════════════════════════════════════╗
E           ║ Looks like Playwright was just installed or updated.       ║
E           ║ Please run the following command to download new browsers: ║
E           ║                                                            ║
E           ║     playwright install                                     ║
E           ║                                                            ║
E           ║ <3 Playwright Team                                         ║
E           ╚════════════════════════════════════════════════════════════╝

/opt/anaconda3/lib/python3.11/site-packages/playwright/_impl/_connection.py:632: Error
______ ERROR at setup of test_mobile_page_has_no_document_overflow[gantt] ______

    @pytest.fixture(scope='session')
    def browser():
        with sync_playwright() as pw:
            executable=os.environ.get('LAB_CHROMIUM_PATH','/usr/bin/chromium')
            kwargs={'headless':True}
            if Path(executable).is_file():kwargs['executable_path']=executable
>           browser=pw.chromium.launch(**kwargs)
                    ^^^^^^^^^^^^^^^^^^^^^^^^^^^^

experience-lab/tests/test_browser.py:39: 
_ _ _ _ _ _ _ _ _ _ _ _ _ _ _ _ _ _ _ _ _ _ _ _ _ _ _ _ _ _ _ _ _ _ _ _ _ _ _ _ 
/opt/anaconda3/lib/python3.11/site-packages/playwright/sync_api/_generated.py:16702: in launch
    self._sync(
/opt/anaconda3/lib/python3.11/site-packages/playwright/_impl/_browser_type.py:97: in launch
    await self._channel.send(
/opt/anaconda3/lib/python3.11/site-packages/playwright/_impl/_connection.py:76: in send
    return await self._connection.wrap_api_call(
_ _ _ _ _ _ _ _ _ _ _ _ _ _ _ _ _ _ _ _ _ _ _ _ _ _ _ _ _ _ _ _ _ _ _ _ _ _ _ _ 

self = <playwright._impl._connection.Connection object at 0x102b2ac50>
cb = <function Channel.send.<locals>.<lambda> at 0x10302e980>
is_internal = False, title = None

    async def wrap_api_call(
        self, cb: Callable[[], Any], is_internal: bool = False, title: str = None
    ) -> Any:
        if self._api_zone.get():
            return await cb()
        task = asyncio.current_task(self._loop)
        parsed_st = _attach_api_call_information(
            getattr(task, "__pw_stack__", None) or _capture_stack_trace(),
            is_internal,
            title,
        )
        self._api_zone.set(parsed_st)
        try:
            return await cb()
        except Exception as error:
>           raise rewrite_error(error, f"{parsed_st['apiName']}: {error}") from None
E           playwright._impl._errors.Error: BrowserType.launch: Executable doesn't exist at /tmp/chg235-verify-home/Library/Caches/ms-playwright/chromium_headless_shell-1234/chrome-headless-shell-mac-arm64/chrome-headless-shell
E           ╔════════════════════════════════════════════════════════════╗
E           ║ Looks like Playwright was just installed or updated.       ║
E           ║ Please run the following command to download new browsers: ║
E           ║                                                            ║
E           ║     playwright install                                     ║
E           ║                                                            ║
E           ║ <3 Playwright Team                                         ║
E           ╚════════════════════════════════════════════════════════════╝

/opt/anaconda3/lib/python3.11/site-packages/playwright/_impl/_connection.py:632: Error
_____ ERROR at setup of test_mobile_page_has_no_document_overflow[carrier] _____

    @pytest.fixture(scope='session')
    def browser():
        with sync_playwright() as pw:
            executable=os.environ.get('LAB_CHROMIUM_PATH','/usr/bin/chromium')
            kwargs={'headless':True}
            if Path(executable).is_file():kwargs['executable_path']=executable
>           browser=pw.chromium.launch(**kwargs)
                    ^^^^^^^^^^^^^^^^^^^^^^^^^^^^

experience-lab/tests/test_browser.py:39: 
_ _ _ _ _ _ _ _ _ _ _ _ _ _ _ _ _ _ _ _ _ _ _ _ _ _ _ _ _ _ _ _ _ _ _ _ _ _ _ _ 
/opt/anaconda3/lib/python3.11/site-packages/playwright/sync_api/_generated.py:16702: in launch
    self._sync(
/opt/anaconda3/lib/python3.11/site-packages/playwright/_impl/_browser_type.py:97: in launch
    await self._channel.send(
/opt/anaconda3/lib/python3.11/site-packages/playwright/_impl/_connection.py:76: in send
    return await self._connection.wrap_api_call(
_ _ _ _ _ _ _ _ _ _ _ _ _ _ _ _ _ _ _ _ _ _ _ _ _ _ _ _ _ _ _ _ _ _ _ _ _ _ _ _ 

self = <playwright._impl._connection.Connection object at 0x102b2ac50>
cb = <function Channel.send.<locals>.<lambda> at 0x10302e980>
is_internal = False, title = None

    async def wrap_api_call(
        self, cb: Callable[[], Any], is_internal: bool = False, title: str = None
    ) -> Any:
        if self._api_zone.get():
            return await cb()
        task = asyncio.current_task(self._loop)
        parsed_st = _attach_api_call_information(
            getattr(task, "__pw_stack__", None) or _capture_stack_trace(),
            is_internal,
            title,
        )
        self._api_zone.set(parsed_st)
        try:
            return await cb()
        except Exception as error:
>           raise rewrite_error(error, f"{parsed_st['apiName']}: {error}") from None
E           playwright._impl._errors.Error: BrowserType.launch: Executable doesn't exist at /tmp/chg235-verify-home/Library/Caches/ms-playwright/chromium_headless_shell-1234/chrome-headless-shell-mac-arm64/chrome-headless-shell
E           ╔════════════════════════════════════════════════════════════╗
E           ║ Looks like Playwright was just installed or updated.       ║
E           ║ Please run the following command to download new browsers: ║
E           ║                                                            ║
E           ║     playwright install                                     ║
E           ║                                                            ║
E           ║ <3 Playwright Team                                         ║
E           ╚════════════════════════════════════════════════════════════╝

/opt/anaconda3/lib/python3.11/site-packages/playwright/_impl/_connection.py:632: Error
____ ERROR at setup of test_mobile_page_has_no_document_overflow[floorplan] ____

    @pytest.fixture(scope='session')
    def browser():
        with sync_playwright() as pw:
            executable=os.environ.get('LAB_CHROMIUM_PATH','/usr/bin/chromium')
            kwargs={'headless':True}
            if Path(executable).is_file():kwargs['executable_path']=executable
>           browser=pw.chromium.launch(**kwargs)
                    ^^^^^^^^^^^^^^^^^^^^^^^^^^^^

experience-lab/tests/test_browser.py:39: 
_ _ _ _ _ _ _ _ _ _ _ _ _ _ _ _ _ _ _ _ _ _ _ _ _ _ _ _ _ _ _ _ _ _ _ _ _ _ _ _ 
/opt/anaconda3/lib/python3.11/site-packages/playwright/sync_api/_generated.py:16702: in launch
    self._sync(
/opt/anaconda3/lib/python3.11/site-packages/playwright/_impl/_browser_type.py:97: in launch
    await self._channel.send(
/opt/anaconda3/lib/python3.11/site-packages/playwright/_impl/_connection.py:76: in send
    return await self._connection.wrap_api_call(
_ _ _ _ _ _ _ _ _ _ _ _ _ _ _ _ _ _ _ _ _ _ _ _ _ _ _ _ _ _ _ _ _ _ _ _ _ _ _ _ 

self = <playwright._impl._connection.Connection object at 0x102b2ac50>
cb = <function Channel.send.<locals>.<lambda> at 0x10302e980>
is_internal = False, title = None

    async def wrap_api_call(
        self, cb: Callable[[], Any], is_internal: bool = False, title: str = None
    ) -> Any:
        if self._api_zone.get():
            return await cb()
        task = asyncio.current_task(self._loop)
        parsed_st = _attach_api_call_information(
            getattr(task, "__pw_stack__", None) or _capture_stack_trace(),
            is_internal,
            title,
        )
        self._api_zone.set(parsed_st)
        try:
            return await cb()
        except Exception as error:
>           raise rewrite_error(error, f"{parsed_st['apiName']}: {error}") from None
E           playwright._impl._errors.Error: BrowserType.launch: Executable doesn't exist at /tmp/chg235-verify-home/Library/Caches/ms-playwright/chromium_headless_shell-1234/chrome-headless-shell-mac-arm64/chrome-headless-shell
E           ╔════════════════════════════════════════════════════════════╗
E           ║ Looks like Playwright was just installed or updated.       ║
E           ║ Please run the following command to download new browsers: ║
E           ║                                                            ║
E           ║     playwright install                                     ║
E           ║                                                            ║
E           ║ <3 Playwright Team                                         ║
E           ╚════════════════════════════════════════════════════════════╝

/opt/anaconda3/lib/python3.11/site-packages/playwright/_impl/_connection.py:632: Error
_____ ERROR at setup of test_mobile_page_has_no_document_overflow[themes] ______

    @pytest.fixture(scope='session')
    def browser():
        with sync_playwright() as pw:
            executable=os.environ.get('LAB_CHROMIUM_PATH','/usr/bin/chromium')
            kwargs={'headless':True}
            if Path(executable).is_file():kwargs['executable_path']=executable
>           browser=pw.chromium.launch(**kwargs)
                    ^^^^^^^^^^^^^^^^^^^^^^^^^^^^

experience-lab/tests/test_browser.py:39: 
_ _ _ _ _ _ _ _ _ _ _ _ _ _ _ _ _ _ _ _ _ _ _ _ _ _ _ _ _ _ _ _ _ _ _ _ _ _ _ _ 
/opt/anaconda3/lib/python3.11/site-packages/playwright/sync_api/_generated.py:16702: in launch
    self._sync(
/opt/anaconda3/lib/python3.11/site-packages/playwright/_impl/_browser_type.py:97: in launch
    await self._channel.send(
/opt/anaconda3/lib/python3.11/site-packages/playwright/_impl/_connection.py:76: in send
    return await self._connection.wrap_api_call(
_ _ _ _ _ _ _ _ _ _ _ _ _ _ _ _ _ _ _ _ _ _ _ _ _ _ _ _ _ _ _ _ _ _ _ _ _ _ _ _ 

self = <playwright._impl._connection.Connection object at 0x102b2ac50>
cb = <function Channel.send.<locals>.<lambda> at 0x10302e980>
is_internal = False, title = None

    async def wrap_api_call(
        self, cb: Callable[[], Any], is_internal: bool = False, title: str = None
    ) -> Any:
        if self._api_zone.get():
            return await cb()
        task = asyncio.current_task(self._loop)
        parsed_st = _attach_api_call_information(
            getattr(task, "__pw_stack__", None) or _capture_stack_trace(),
            is_internal,
            title,
        )
        self._api_zone.set(parsed_st)
        try:
            return await cb()
        except Exception as error:
>           raise rewrite_error(error, f"{parsed_st['apiName']}: {error}") from None
E           playwright._impl._errors.Error: BrowserType.launch: Executable doesn't exist at /tmp/chg235-verify-home/Library/Caches/ms-playwright/chromium_headless_shell-1234/chrome-headless-shell-mac-arm64/chrome-headless-shell
E           ╔════════════════════════════════════════════════════════════╗
E           ║ Looks like Playwright was just installed or updated.       ║
E           ║ Please run the following command to download new browsers: ║
E           ║                                                            ║
E           ║     playwright install                                     ║
E           ║                                                            ║
E           ║ <3 Playwright Team                                         ║
E           ╚════════════════════════════════════════════════════════════╝

/opt/anaconda3/lib/python3.11/site-packages/playwright/_impl/_connection.py:632: Error
____________ ERROR at setup of test_visual_evidence[light-overview] ____________

    @pytest.fixture(scope='session')
    def browser():
        with sync_playwright() as pw:
            executable=os.environ.get('LAB_CHROMIUM_PATH','/usr/bin/chromium')
            kwargs={'headless':True}
            if Path(executable).is_file():kwargs['executable_path']=executable
>           browser=pw.chromium.launch(**kwargs)
                    ^^^^^^^^^^^^^^^^^^^^^^^^^^^^

experience-lab/tests/test_browser.py:39: 
_ _ _ _ _ _ _ _ _ _ _ _ _ _ _ _ _ _ _ _ _ _ _ _ _ _ _ _ _ _ _ _ _ _ _ _ _ _ _ _ 
/opt/anaconda3/lib/python3.11/site-packages/playwright/sync_api/_generated.py:16702: in launch
    self._sync(
/opt/anaconda3/lib/python3.11/site-packages/playwright/_impl/_browser_type.py:97: in launch
    await self._channel.send(
/opt/anaconda3/lib/python3.11/site-packages/playwright/_impl/_connection.py:76: in send
    return await self._connection.wrap_api_call(
_ _ _ _ _ _ _ _ _ _ _ _ _ _ _ _ _ _ _ _ _ _ _ _ _ _ _ _ _ _ _ _ _ _ _ _ _ _ _ _ 

self = <playwright._impl._connection.Connection object at 0x102b2ac50>
cb = <function Channel.send.<locals>.<lambda> at 0x10302e980>
is_internal = False, title = None

    async def wrap_api_call(
        self, cb: Callable[[], Any], is_internal: bool = False, title: str = None
    ) -> Any:
        if self._api_zone.get():
            return await cb()
        task = asyncio.current_task(self._loop)
        parsed_st = _attach_api_call_information(
            getattr(task, "__pw_stack__", None) or _capture_stack_trace(),
            is_internal,
            title,
        )
        self._api_zone.set(parsed_st)
        try:
            return await cb()
        except Exception as error:
>           raise rewrite_error(error, f"{parsed_st['apiName']}: {error}") from None
E           playwright._impl._errors.Error: BrowserType.launch: Executable doesn't exist at /tmp/chg235-verify-home/Library/Caches/ms-playwright/chromium_headless_shell-1234/chrome-headless-shell-mac-arm64/chrome-headless-shell
E           ╔════════════════════════════════════════════════════════════╗
E           ║ Looks like Playwright was just installed or updated.       ║
E           ║ Please run the following command to download new browsers: ║
E           ║                                                            ║
E           ║     playwright install                                     ║
E           ║                                                            ║
E           ║ <3 Playwright Team                                         ║
E           ╚════════════════════════════════════════════════════════════╝

/opt/anaconda3/lib/python3.11/site-packages/playwright/_impl/_connection.py:632: Error
_____________ ERROR at setup of test_visual_evidence[light-gantt] ______________

    @pytest.fixture(scope='session')
    def browser():
        with sync_playwright() as pw:
            executable=os.environ.get('LAB_CHROMIUM_PATH','/usr/bin/chromium')
            kwargs={'headless':True}
            if Path(executable).is_file():kwargs['executable_path']=executable
>           browser=pw.chromium.launch(**kwargs)
                    ^^^^^^^^^^^^^^^^^^^^^^^^^^^^

experience-lab/tests/test_browser.py:39: 
_ _ _ _ _ _ _ _ _ _ _ _ _ _ _ _ _ _ _ _ _ _ _ _ _ _ _ _ _ _ _ _ _ _ _ _ _ _ _ _ 
/opt/anaconda3/lib/python3.11/site-packages/playwright/sync_api/_generated.py:16702: in launch
    self._sync(
/opt/anaconda3/lib/python3.11/site-packages/playwright/_impl/_browser_type.py:97: in launch
    await self._channel.send(
/opt/anaconda3/lib/python3.11/site-packages/playwright/_impl/_connection.py:76: in send
    return await self._connection.wrap_api_call(
_ _ _ _ _ _ _ _ _ _ _ _ _ _ _ _ _ _ _ _ _ _ _ _ _ _ _ _ _ _ _ _ _ _ _ _ _ _ _ _ 

self = <playwright._impl._connection.Connection object at 0x102b2ac50>
cb = <function Channel.send.<locals>.<lambda> at 0x10302e980>
is_internal = False, title = None

    async def wrap_api_call(
        self, cb: Callable[[], Any], is_internal: bool = False, title: str = None
    ) -> Any:
        if self._api_zone.get():
            return await cb()
        task = asyncio.current_task(self._loop)
        parsed_st = _attach_api_call_information(
            getattr(task, "__pw_stack__", None) or _capture_stack_trace(),
            is_internal,
            title,
        )
        self._api_zone.set(parsed_st)
        try:
            return await cb()
        except Exception as error:
>           raise rewrite_error(error, f"{parsed_st['apiName']}: {error}") from None
E           playwright._impl._errors.Error: BrowserType.launch: Executable doesn't exist at /tmp/chg235-verify-home/Library/Caches/ms-playwright/chromium_headless_shell-1234/chrome-headless-shell-mac-arm64/chrome-headless-shell
E           ╔════════════════════════════════════════════════════════════╗
E           ║ Looks like Playwright was just installed or updated.       ║
E           ║ Please run the following command to download new browsers: ║
E           ║                                                            ║
E           ║     playwright install                                     ║
E           ║                                                            ║
E           ║ <3 Playwright Team                                         ║
E           ╚════════════════════════════════════════════════════════════╝

/opt/anaconda3/lib/python3.11/site-packages/playwright/_impl/_connection.py:632: Error
______________ ERROR at setup of test_visual_evidence[light-rack] ______________

    @pytest.fixture(scope='session')
    def browser():
        with sync_playwright() as pw:
            executable=os.environ.get('LAB_CHROMIUM_PATH','/usr/bin/chromium')
            kwargs={'headless':True}
            if Path(executable).is_file():kwargs['executable_path']=executable
>           browser=pw.chromium.launch(**kwargs)
                    ^^^^^^^^^^^^^^^^^^^^^^^^^^^^

experience-lab/tests/test_browser.py:39: 
_ _ _ _ _ _ _ _ _ _ _ _ _ _ _ _ _ _ _ _ _ _ _ _ _ _ _ _ _ _ _ _ _ _ _ _ _ _ _ _ 
/opt/anaconda3/lib/python3.11/site-packages/playwright/sync_api/_generated.py:16702: in launch
    self._sync(
/opt/anaconda3/lib/python3.11/site-packages/playwright/_impl/_browser_type.py:97: in launch
    await self._channel.send(
/opt/anaconda3/lib/python3.11/site-packages/playwright/_impl/_connection.py:76: in send
    return await self._connection.wrap_api_call(
_ _ _ _ _ _ _ _ _ _ _ _ _ _ _ _ _ _ _ _ _ _ _ _ _ _ _ _ _ _ _ _ _ _ _ _ _ _ _ _ 

self = <playwright._impl._connection.Connection object at 0x102b2ac50>
cb = <function Channel.send.<locals>.<lambda> at 0x10302e980>
is_internal = False, title = None

    async def wrap_api_call(
        self, cb: Callable[[], Any], is_internal: bool = False, title: str = None
    ) -> Any:
        if self._api_zone.get():
            return await cb()
        task = asyncio.current_task(self._loop)
        parsed_st = _attach_api_call_information(
            getattr(task, "__pw_stack__", None) or _capture_stack_trace(),
            is_internal,
            title,
        )
        self._api_zone.set(parsed_st)
        try:
            return await cb()
        except Exception as error:
>           raise rewrite_error(error, f"{parsed_st['apiName']}: {error}") from None
E           playwright._impl._errors.Error: BrowserType.launch: Executable doesn't exist at /tmp/chg235-verify-home/Library/Caches/ms-playwright/chromium_headless_shell-1234/chrome-headless-shell-mac-arm64/chrome-headless-shell
E           ╔════════════════════════════════════════════════════════════╗
E           ║ Looks like Playwright was just installed or updated.       ║
E           ║ Please run the following command to download new browsers: ║
E           ║                                                            ║
E           ║     playwright install                                     ║
E           ║                                                            ║
E           ║ <3 Playwright Team                                         ║
E           ╚════════════════════════════════════════════════════════════╝

/opt/anaconda3/lib/python3.11/site-packages/playwright/_impl/_connection.py:632: Error
_____________ ERROR at setup of test_visual_evidence[light-wafer] ______________

    @pytest.fixture(scope='session')
    def browser():
        with sync_playwright() as pw:
            executable=os.environ.get('LAB_CHROMIUM_PATH','/usr/bin/chromium')
            kwargs={'headless':True}
            if Path(executable).is_file():kwargs['executable_path']=executable
>           browser=pw.chromium.launch(**kwargs)
                    ^^^^^^^^^^^^^^^^^^^^^^^^^^^^

experience-lab/tests/test_browser.py:39: 
_ _ _ _ _ _ _ _ _ _ _ _ _ _ _ _ _ _ _ _ _ _ _ _ _ _ _ _ _ _ _ _ _ _ _ _ _ _ _ _ 
/opt/anaconda3/lib/python3.11/site-packages/playwright/sync_api/_generated.py:16702: in launch
    self._sync(
/opt/anaconda3/lib/python3.11/site-packages/playwright/_impl/_browser_type.py:97: in launch
    await self._channel.send(
/opt/anaconda3/lib/python3.11/site-packages/playwright/_impl/_connection.py:76: in send
    return await self._connection.wrap_api_call(
_ _ _ _ _ _ _ _ _ _ _ _ _ _ _ _ _ _ _ _ _ _ _ _ _ _ _ _ _ _ _ _ _ _ _ _ _ _ _ _ 

self = <playwright._impl._connection.Connection object at 0x102b2ac50>
cb = <function Channel.send.<locals>.<lambda> at 0x10302e980>
is_internal = False, title = None

    async def wrap_api_call(
        self, cb: Callable[[], Any], is_internal: bool = False, title: str = None
    ) -> Any:
        if self._api_zone.get():
            return await cb()
        task = asyncio.current_task(self._loop)
        parsed_st = _attach_api_call_information(
            getattr(task, "__pw_stack__", None) or _capture_stack_trace(),
            is_internal,
            title,
        )
        self._api_zone.set(parsed_st)
        try:
            return await cb()
        except Exception as error:
>           raise rewrite_error(error, f"{parsed_st['apiName']}: {error}") from None
E           playwright._impl._errors.Error: BrowserType.launch: Executable doesn't exist at /tmp/chg235-verify-home/Library/Caches/ms-playwright/chromium_headless_shell-1234/chrome-headless-shell-mac-arm64/chrome-headless-shell
E           ╔════════════════════════════════════════════════════════════╗
E           ║ Looks like Playwright was just installed or updated.       ║
E           ║ Please run the following command to download new browsers: ║
E           ║                                                            ║
E           ║     playwright install                                     ║
E           ║                                                            ║
E           ║ <3 Playwright Team                                         ║
E           ╚════════════════════════════════════════════════════════════╝

/opt/anaconda3/lib/python3.11/site-packages/playwright/_impl/_connection.py:632: Error
____________ ERROR at setup of test_visual_evidence[light-windows] _____________

    @pytest.fixture(scope='session')
    def browser():
        with sync_playwright() as pw:
            executable=os.environ.get('LAB_CHROMIUM_PATH','/usr/bin/chromium')
            kwargs={'headless':True}
            if Path(executable).is_file():kwargs['executable_path']=executable
>           browser=pw.chromium.launch(**kwargs)
                    ^^^^^^^^^^^^^^^^^^^^^^^^^^^^

experience-lab/tests/test_browser.py:39: 
_ _ _ _ _ _ _ _ _ _ _ _ _ _ _ _ _ _ _ _ _ _ _ _ _ _ _ _ _ _ _ _ _ _ _ _ _ _ _ _ 
/opt/anaconda3/lib/python3.11/site-packages/playwright/sync_api/_generated.py:16702: in launch
    self._sync(
/opt/anaconda3/lib/python3.11/site-packages/playwright/_impl/_browser_type.py:97: in launch
    await self._channel.send(
/opt/anaconda3/lib/python3.11/site-packages/playwright/_impl/_connection.py:76: in send
    return await self._connection.wrap_api_call(
_ _ _ _ _ _ _ _ _ _ _ _ _ _ _ _ _ _ _ _ _ _ _ _ _ _ _ _ _ _ _ _ _ _ _ _ _ _ _ _ 

self = <playwright._impl._connection.Connection object at 0x102b2ac50>
cb = <function Channel.send.<locals>.<lambda> at 0x10302e980>
is_internal = False, title = None

    async def wrap_api_call(
        self, cb: Callable[[], Any], is_internal: bool = False, title: str = None
    ) -> Any:
        if self._api_zone.get():
            return await cb()
        task = asyncio.current_task(self._loop)
        parsed_st = _attach_api_call_information(
            getattr(task, "__pw_stack__", None) or _capture_stack_trace(),
            is_internal,
            title,
        )
        self._api_zone.set(parsed_st)
        try:
            return await cb()
        except Exception as error:
>           raise rewrite_error(error, f"{parsed_st['apiName']}: {error}") from None
E           playwright._impl._errors.Error: BrowserType.launch: Executable doesn't exist at /tmp/chg235-verify-home/Library/Caches/ms-playwright/chromium_headless_shell-1234/chrome-headless-shell-mac-arm64/chrome-headless-shell
E           ╔════════════════════════════════════════════════════════════╗
E           ║ Looks like Playwright was just installed or updated.       ║
E           ║ Please run the following command to download new browsers: ║
E           ║                                                            ║
E           ║     playwright install                                     ║
E           ║                                                            ║
E           ║ <3 Playwright Team                                         ║
E           ╚════════════════════════════════════════════════════════════╝

/opt/anaconda3/lib/python3.11/site-packages/playwright/_impl/_connection.py:632: Error
____________ ERROR at setup of test_visual_evidence[light-carrier] _____________

    @pytest.fixture(scope='session')
    def browser():
        with sync_playwright() as pw:
            executable=os.environ.get('LAB_CHROMIUM_PATH','/usr/bin/chromium')
            kwargs={'headless':True}
            if Path(executable).is_file():kwargs['executable_path']=executable
>           browser=pw.chromium.launch(**kwargs)
                    ^^^^^^^^^^^^^^^^^^^^^^^^^^^^

experience-lab/tests/test_browser.py:39: 
_ _ _ _ _ _ _ _ _ _ _ _ _ _ _ _ _ _ _ _ _ _ _ _ _ _ _ _ _ _ _ _ _ _ _ _ _ _ _ _ 
/opt/anaconda3/lib/python3.11/site-packages/playwright/sync_api/_generated.py:16702: in launch
    self._sync(
/opt/anaconda3/lib/python3.11/site-packages/playwright/_impl/_browser_type.py:97: in launch
    await self._channel.send(
/opt/anaconda3/lib/python3.11/site-packages/playwright/_impl/_connection.py:76: in send
    return await self._connection.wrap_api_call(
_ _ _ _ _ _ _ _ _ _ _ _ _ _ _ _ _ _ _ _ _ _ _ _ _ _ _ _ _ _ _ _ _ _ _ _ _ _ _ _ 

self = <playwright._impl._connection.Connection object at 0x102b2ac50>
cb = <function Channel.send.<locals>.<lambda> at 0x10302e980>
is_internal = False, title = None

    async def wrap_api_call(
        self, cb: Callable[[], Any], is_internal: bool = False, title: str = None
    ) -> Any:
        if self._api_zone.get():
            return await cb()
        task = asyncio.current_task(self._loop)
        parsed_st = _attach_api_call_information(
            getattr(task, "__pw_stack__", None) or _capture_stack_trace(),
            is_internal,
            title,
        )
        self._api_zone.set(parsed_st)
        try:
            return await cb()
        except Exception as error:
>           raise rewrite_error(error, f"{parsed_st['apiName']}: {error}") from None
E           playwright._impl._errors.Error: BrowserType.launch: Executable doesn't exist at /tmp/chg235-verify-home/Library/Caches/ms-playwright/chromium_headless_shell-1234/chrome-headless-shell-mac-arm64/chrome-headless-shell
E           ╔════════════════════════════════════════════════════════════╗
E           ║ Looks like Playwright was just installed or updated.       ║
E           ║ Please run the following command to download new browsers: ║
E           ║                                                            ║
E           ║     playwright install                                     ║
E           ║                                                            ║
E           ║ <3 Playwright Team                                         ║
E           ╚════════════════════════════════════════════════════════════╝

/opt/anaconda3/lib/python3.11/site-packages/playwright/_impl/_connection.py:632: Error
___________ ERROR at setup of test_visual_evidence[light-floorplan] ____________

    @pytest.fixture(scope='session')
    def browser():
        with sync_playwright() as pw:
            executable=os.environ.get('LAB_CHROMIUM_PATH','/usr/bin/chromium')
            kwargs={'headless':True}
            if Path(executable).is_file():kwargs['executable_path']=executable
>           browser=pw.chromium.launch(**kwargs)
                    ^^^^^^^^^^^^^^^^^^^^^^^^^^^^

experience-lab/tests/test_browser.py:39: 
_ _ _ _ _ _ _ _ _ _ _ _ _ _ _ _ _ _ _ _ _ _ _ _ _ _ _ _ _ _ _ _ _ _ _ _ _ _ _ _ 
/opt/anaconda3/lib/python3.11/site-packages/playwright/sync_api/_generated.py:16702: in launch
    self._sync(
/opt/anaconda3/lib/python3.11/site-packages/playwright/_impl/_browser_type.py:97: in launch
    await self._channel.send(
/opt/anaconda3/lib/python3.11/site-packages/playwright/_impl/_connection.py:76: in send
    return await self._connection.wrap_api_call(
_ _ _ _ _ _ _ _ _ _ _ _ _ _ _ _ _ _ _ _ _ _ _ _ _ _ _ _ _ _ _ _ _ _ _ _ _ _ _ _ 

self = <playwright._impl._connection.Connection object at 0x102b2ac50>
cb = <function Channel.send.<locals>.<lambda> at 0x10302e980>
is_internal = False, title = None

    async def wrap_api_call(
        self, cb: Callable[[], Any], is_internal: bool = False, title: str = None
    ) -> Any:
        if self._api_zone.get():
            return await cb()
        task = asyncio.current_task(self._loop)
        parsed_st = _attach_api_call_information(
            getattr(task, "__pw_stack__", None) or _capture_stack_trace(),
            is_internal,
            title,
        )
        self._api_zone.set(parsed_st)
        try:
            return await cb()
        except Exception as error:
>           raise rewrite_error(error, f"{parsed_st['apiName']}: {error}") from None
E           playwright._impl._errors.Error: BrowserType.launch: Executable doesn't exist at /tmp/chg235-verify-home/Library/Caches/ms-playwright/chromium_headless_shell-1234/chrome-headless-shell-mac-arm64/chrome-headless-shell
E           ╔════════════════════════════════════════════════════════════╗
E           ║ Looks like Playwright was just installed or updated.       ║
E           ║ Please run the following command to download new browsers: ║
E           ║                                                            ║
E           ║     playwright install                                     ║
E           ║                                                            ║
E           ║ <3 Playwright Team                                         ║
E           ╚════════════════════════════════════════════════════════════╝

/opt/anaconda3/lib/python3.11/site-packages/playwright/_impl/_connection.py:632: Error
_____________ ERROR at setup of test_visual_evidence[light-themes] _____________

    @pytest.fixture(scope='session')
    def browser():
        with sync_playwright() as pw:
            executable=os.environ.get('LAB_CHROMIUM_PATH','/usr/bin/chromium')
            kwargs={'headless':True}
            if Path(executable).is_file():kwargs['executable_path']=executable
>           browser=pw.chromium.launch(**kwargs)
                    ^^^^^^^^^^^^^^^^^^^^^^^^^^^^

experience-lab/tests/test_browser.py:39: 
_ _ _ _ _ _ _ _ _ _ _ _ _ _ _ _ _ _ _ _ _ _ _ _ _ _ _ _ _ _ _ _ _ _ _ _ _ _ _ _ 
/opt/anaconda3/lib/python3.11/site-packages/playwright/sync_api/_generated.py:16702: in launch
    self._sync(
/opt/anaconda3/lib/python3.11/site-packages/playwright/_impl/_browser_type.py:97: in launch
    await self._channel.send(
/opt/anaconda3/lib/python3.11/site-packages/playwright/_impl/_connection.py:76: in send
    return await self._connection.wrap_api_call(
_ _ _ _ _ _ _ _ _ _ _ _ _ _ _ _ _ _ _ _ _ _ _ _ _ _ _ _ _ _ _ _ _ _ _ _ _ _ _ _ 

self = <playwright._impl._connection.Connection object at 0x102b2ac50>
cb = <function Channel.send.<locals>.<lambda> at 0x10302e980>
is_internal = False, title = None

    async def wrap_api_call(
        self, cb: Callable[[], Any], is_internal: bool = False, title: str = None
    ) -> Any:
        if self._api_zone.get():
            return await cb()
        task = asyncio.current_task(self._loop)
        parsed_st = _attach_api_call_information(
            getattr(task, "__pw_stack__", None) or _capture_stack_trace(),
            is_internal,
            title,
        )
        self._api_zone.set(parsed_st)
        try:
            return await cb()
        except Exception as error:
>           raise rewrite_error(error, f"{parsed_st['apiName']}: {error}") from None
E           playwright._impl._errors.Error: BrowserType.launch: Executable doesn't exist at /tmp/chg235-verify-home/Library/Caches/ms-playwright/chromium_headless_shell-1234/chrome-headless-shell-mac-arm64/chrome-headless-shell
E           ╔════════════════════════════════════════════════════════════╗
E           ║ Looks like Playwright was just installed or updated.       ║
E           ║ Please run the following command to download new browsers: ║
E           ║                                                            ║
E           ║     playwright install                                     ║
E           ║                                                            ║
E           ║ <3 Playwright Team                                         ║
E           ╚════════════════════════════════════════════════════════════╝

/opt/anaconda3/lib/python3.11/site-packages/playwright/_impl/_connection.py:632: Error
____________ ERROR at setup of test_visual_evidence[dark-overview] _____________

    @pytest.fixture(scope='session')
    def browser():
        with sync_playwright() as pw:
            executable=os.environ.get('LAB_CHROMIUM_PATH','/usr/bin/chromium')
            kwargs={'headless':True}
            if Path(executable).is_file():kwargs['executable_path']=executable
>           browser=pw.chromium.launch(**kwargs)
                    ^^^^^^^^^^^^^^^^^^^^^^^^^^^^

experience-lab/tests/test_browser.py:39: 
_ _ _ _ _ _ _ _ _ _ _ _ _ _ _ _ _ _ _ _ _ _ _ _ _ _ _ _ _ _ _ _ _ _ _ _ _ _ _ _ 
/opt/anaconda3/lib/python3.11/site-packages/playwright/sync_api/_generated.py:16702: in launch
    self._sync(
/opt/anaconda3/lib/python3.11/site-packages/playwright/_impl/_browser_type.py:97: in launch
    await self._channel.send(
/opt/anaconda3/lib/python3.11/site-packages/playwright/_impl/_connection.py:76: in send
    return await self._connection.wrap_api_call(
_ _ _ _ _ _ _ _ _ _ _ _ _ _ _ _ _ _ _ _ _ _ _ _ _ _ _ _ _ _ _ _ _ _ _ _ _ _ _ _ 

self = <playwright._impl._connection.Connection object at 0x102b2ac50>
cb = <function Channel.send.<locals>.<lambda> at 0x10302e980>
is_internal = False, title = None

    async def wrap_api_call(
        self, cb: Callable[[], Any], is_internal: bool = False, title: str = None
    ) -> Any:
        if self._api_zone.get():
            return await cb()
        task = asyncio.current_task(self._loop)
        parsed_st = _attach_api_call_information(
            getattr(task, "__pw_stack__", None) or _capture_stack_trace(),
            is_internal,
            title,
        )
        self._api_zone.set(parsed_st)
        try:
            return await cb()
        except Exception as error:
>           raise rewrite_error(error, f"{parsed_st['apiName']}: {error}") from None
E           playwright._impl._errors.Error: BrowserType.launch: Executable doesn't exist at /tmp/chg235-verify-home/Library/Caches/ms-playwright/chromium_headless_shell-1234/chrome-headless-shell-mac-arm64/chrome-headless-shell
E           ╔════════════════════════════════════════════════════════════╗
E           ║ Looks like Playwright was just installed or updated.       ║
E           ║ Please run the following command to download new browsers: ║
E           ║                                                            ║
E           ║     playwright install                                     ║
E           ║                                                            ║
E           ║ <3 Playwright Team                                         ║
E           ╚════════════════════════════════════════════════════════════╝

/opt/anaconda3/lib/python3.11/site-packages/playwright/_impl/_connection.py:632: Error
______________ ERROR at setup of test_visual_evidence[dark-gantt] ______________

    @pytest.fixture(scope='session')
    def browser():
        with sync_playwright() as pw:
            executable=os.environ.get('LAB_CHROMIUM_PATH','/usr/bin/chromium')
            kwargs={'headless':True}
            if Path(executable).is_file():kwargs['executable_path']=executable
>           browser=pw.chromium.launch(**kwargs)
                    ^^^^^^^^^^^^^^^^^^^^^^^^^^^^

experience-lab/tests/test_browser.py:39: 
_ _ _ _ _ _ _ _ _ _ _ _ _ _ _ _ _ _ _ _ _ _ _ _ _ _ _ _ _ _ _ _ _ _ _ _ _ _ _ _ 
/opt/anaconda3/lib/python3.11/site-packages/playwright/sync_api/_generated.py:16702: in launch
    self._sync(
/opt/anaconda3/lib/python3.11/site-packages/playwright/_impl/_browser_type.py:97: in launch
    await self._channel.send(
/opt/anaconda3/lib/python3.11/site-packages/playwright/_impl/_connection.py:76: in send
    return await self._connection.wrap_api_call(
_ _ _ _ _ _ _ _ _ _ _ _ _ _ _ _ _ _ _ _ _ _ _ _ _ _ _ _ _ _ _ _ _ _ _ _ _ _ _ _ 

self = <playwright._impl._connection.Connection object at 0x102b2ac50>
cb = <function Channel.send.<locals>.<lambda> at 0x10302e980>
is_internal = False, title = None

    async def wrap_api_call(
        self, cb: Callable[[], Any], is_internal: bool = False, title: str = None
    ) -> Any:
        if self._api_zone.get():
            return await cb()
        task = asyncio.current_task(self._loop)
        parsed_st = _attach_api_call_information(
            getattr(task, "__pw_stack__", None) or _capture_stack_trace(),
            is_internal,
            title,
        )
        self._api_zone.set(parsed_st)
        try:
            return await cb()
        except Exception as error:
>           raise rewrite_error(error, f"{parsed_st['apiName']}: {error}") from None
E           playwright._impl._errors.Error: BrowserType.launch: Executable doesn't exist at /tmp/chg235-verify-home/Library/Caches/ms-playwright/chromium_headless_shell-1234/chrome-headless-shell-mac-arm64/chrome-headless-shell
E           ╔════════════════════════════════════════════════════════════╗
E           ║ Looks like Playwright was just installed or updated.       ║
E           ║ Please run the following command to download new browsers: ║
E           ║                                                            ║
E           ║     playwright install                                     ║
E           ║                                                            ║
E           ║ <3 Playwright Team                                         ║
E           ╚════════════════════════════════════════════════════════════╝

/opt/anaconda3/lib/python3.11/site-packages/playwright/_impl/_connection.py:632: Error
______________ ERROR at setup of test_visual_evidence[dark-rack] _______________

    @pytest.fixture(scope='session')
    def browser():
        with sync_playwright() as pw:
            executable=os.environ.get('LAB_CHROMIUM_PATH','/usr/bin/chromium')
            kwargs={'headless':True}
            if Path(executable).is_file():kwargs['executable_path']=executable
>           browser=pw.chromium.launch(**kwargs)
                    ^^^^^^^^^^^^^^^^^^^^^^^^^^^^

experience-lab/tests/test_browser.py:39: 
_ _ _ _ _ _ _ _ _ _ _ _ _ _ _ _ _ _ _ _ _ _ _ _ _ _ _ _ _ _ _ _ _ _ _ _ _ _ _ _ 
/opt/anaconda3/lib/python3.11/site-packages/playwright/sync_api/_generated.py:16702: in launch
    self._sync(
/opt/anaconda3/lib/python3.11/site-packages/playwright/_impl/_browser_type.py:97: in launch
    await self._channel.send(
/opt/anaconda3/lib/python3.11/site-packages/playwright/_impl/_connection.py:76: in send
    return await self._connection.wrap_api_call(
_ _ _ _ _ _ _ _ _ _ _ _ _ _ _ _ _ _ _ _ _ _ _ _ _ _ _ _ _ _ _ _ _ _ _ _ _ _ _ _ 

self = <playwright._impl._connection.Connection object at 0x102b2ac50>
cb = <function Channel.send.<locals>.<lambda> at 0x10302e980>
is_internal = False, title = None

    async def wrap_api_call(
        self, cb: Callable[[], Any], is_internal: bool = False, title: str = None
    ) -> Any:
        if self._api_zone.get():
            return await cb()
        task = asyncio.current_task(self._loop)
        parsed_st = _attach_api_call_information(
            getattr(task, "__pw_stack__", None) or _capture_stack_trace(),
            is_internal,
            title,
        )
        self._api_zone.set(parsed_st)
        try:
            return await cb()
        except Exception as error:
>           raise rewrite_error(error, f"{parsed_st['apiName']}: {error}") from None
E           playwright._impl._errors.Error: BrowserType.launch: Executable doesn't exist at /tmp/chg235-verify-home/Library/Caches/ms-playwright/chromium_headless_shell-1234/chrome-headless-shell-mac-arm64/chrome-headless-shell
E           ╔════════════════════════════════════════════════════════════╗
E           ║ Looks like Playwright was just installed or updated.       ║
E           ║ Please run the following command to download new browsers: ║
E           ║                                                            ║
E           ║     playwright install                                     ║
E           ║                                                            ║
E           ║ <3 Playwright Team                                         ║
E           ╚════════════════════════════════════════════════════════════╝

/opt/anaconda3/lib/python3.11/site-packages/playwright/_impl/_connection.py:632: Error
______________ ERROR at setup of test_visual_evidence[dark-wafer] ______________

    @pytest.fixture(scope='session')
    def browser():
        with sync_playwright() as pw:
            executable=os.environ.get('LAB_CHROMIUM_PATH','/usr/bin/chromium')
            kwargs={'headless':True}
            if Path(executable).is_file():kwargs['executable_path']=executable
>           browser=pw.chromium.launch(**kwargs)
                    ^^^^^^^^^^^^^^^^^^^^^^^^^^^^

experience-lab/tests/test_browser.py:39: 
_ _ _ _ _ _ _ _ _ _ _ _ _ _ _ _ _ _ _ _ _ _ _ _ _ _ _ _ _ _ _ _ _ _ _ _ _ _ _ _ 
/opt/anaconda3/lib/python3.11/site-packages/playwright/sync_api/_generated.py:16702: in launch
    self._sync(
/opt/anaconda3/lib/python3.11/site-packages/playwright/_impl/_browser_type.py:97: in launch
    await self._channel.send(
/opt/anaconda3/lib/python3.11/site-packages/playwright/_impl/_connection.py:76: in send
    return await self._connection.wrap_api_call(
_ _ _ _ _ _ _ _ _ _ _ _ _ _ _ _ _ _ _ _ _ _ _ _ _ _ _ _ _ _ _ _ _ _ _ _ _ _ _ _ 

self = <playwright._impl._connection.Connection object at 0x102b2ac50>
cb = <function Channel.send.<locals>.<lambda> at 0x10302e980>
is_internal = False, title = None

    async def wrap_api_call(
        self, cb: Callable[[], Any], is_internal: bool = False, title: str = None
    ) -> Any:
        if self._api_zone.get():
            return await cb()
        task = asyncio.current_task(self._loop)
        parsed_st = _attach_api_call_information(
            getattr(task, "__pw_stack__", None) or _capture_stack_trace(),
            is_internal,
            title,
        )
        self._api_zone.set(parsed_st)
        try:
            return await cb()
        except Exception as error:
>           raise rewrite_error(error, f"{parsed_st['apiName']}: {error}") from None
E           playwright._impl._errors.Error: BrowserType.launch: Executable doesn't exist at /tmp/chg235-verify-home/Library/Caches/ms-playwright/chromium_headless_shell-1234/chrome-headless-shell-mac-arm64/chrome-headless-shell
E           ╔════════════════════════════════════════════════════════════╗
E           ║ Looks like Playwright was just installed or updated.       ║
E           ║ Please run the following command to download new browsers: ║
E           ║                                                            ║
E           ║     playwright install                                     ║
E           ║                                                            ║
E           ║ <3 Playwright Team                                         ║
E           ╚════════════════════════════════════════════════════════════╝

/opt/anaconda3/lib/python3.11/site-packages/playwright/_impl/_connection.py:632: Error
_____________ ERROR at setup of test_visual_evidence[dark-windows] _____________

    @pytest.fixture(scope='session')
    def browser():
        with sync_playwright() as pw:
            executable=os.environ.get('LAB_CHROMIUM_PATH','/usr/bin/chromium')
            kwargs={'headless':True}
            if Path(executable).is_file():kwargs['executable_path']=executable
>           browser=pw.chromium.launch(**kwargs)
                    ^^^^^^^^^^^^^^^^^^^^^^^^^^^^

experience-lab/tests/test_browser.py:39: 
_ _ _ _ _ _ _ _ _ _ _ _ _ _ _ _ _ _ _ _ _ _ _ _ _ _ _ _ _ _ _ _ _ _ _ _ _ _ _ _ 
/opt/anaconda3/lib/python3.11/site-packages/playwright/sync_api/_generated.py:16702: in launch
    self._sync(
/opt/anaconda3/lib/python3.11/site-packages/playwright/_impl/_browser_type.py:97: in launch
    await self._channel.send(
/opt/anaconda3/lib/python3.11/site-packages/playwright/_impl/_connection.py:76: in send
    return await self._connection.wrap_api_call(
_ _ _ _ _ _ _ _ _ _ _ _ _ _ _ _ _ _ _ _ _ _ _ _ _ _ _ _ _ _ _ _ _ _ _ _ _ _ _ _ 

self = <playwright._impl._connection.Connection object at 0x102b2ac50>
cb = <function Channel.send.<locals>.<lambda> at 0x10302e980>
is_internal = False, title = None

    async def wrap_api_call(
        self, cb: Callable[[], Any], is_internal: bool = False, title: str = None
    ) -> Any:
        if self._api_zone.get():
            return await cb()
        task = asyncio.current_task(self._loop)
        parsed_st = _attach_api_call_information(
            getattr(task, "__pw_stack__", None) or _capture_stack_trace(),
            is_internal,
            title,
        )
        self._api_zone.set(parsed_st)
        try:
            return await cb()
        except Exception as error:
>           raise rewrite_error(error, f"{parsed_st['apiName']}: {error}") from None
E           playwright._impl._errors.Error: BrowserType.launch: Executable doesn't exist at /tmp/chg235-verify-home/Library/Caches/ms-playwright/chromium_headless_shell-1234/chrome-headless-shell-mac-arm64/chrome-headless-shell
E           ╔════════════════════════════════════════════════════════════╗
E           ║ Looks like Playwright was just installed or updated.       ║
E           ║ Please run the following command to download new browsers: ║
E           ║                                                            ║
E           ║     playwright install                                     ║
E           ║                                                            ║
E           ║ <3 Playwright Team                                         ║
E           ╚════════════════════════════════════════════════════════════╝

/opt/anaconda3/lib/python3.11/site-packages/playwright/_impl/_connection.py:632: Error
_____________ ERROR at setup of test_visual_evidence[dark-carrier] _____________

    @pytest.fixture(scope='session')
    def browser():
        with sync_playwright() as pw:
            executable=os.environ.get('LAB_CHROMIUM_PATH','/usr/bin/chromium')
            kwargs={'headless':True}
            if Path(executable).is_file():kwargs['executable_path']=executable
>           browser=pw.chromium.launch(**kwargs)
                    ^^^^^^^^^^^^^^^^^^^^^^^^^^^^

experience-lab/tests/test_browser.py:39: 
_ _ _ _ _ _ _ _ _ _ _ _ _ _ _ _ _ _ _ _ _ _ _ _ _ _ _ _ _ _ _ _ _ _ _ _ _ _ _ _ 
/opt/anaconda3/lib/python3.11/site-packages/playwright/sync_api/_generated.py:16702: in launch
    self._sync(
/opt/anaconda3/lib/python3.11/site-packages/playwright/_impl/_browser_type.py:97: in launch
    await self._channel.send(
/opt/anaconda3/lib/python3.11/site-packages/playwright/_impl/_connection.py:76: in send
    return await self._connection.wrap_api_call(
_ _ _ _ _ _ _ _ _ _ _ _ _ _ _ _ _ _ _ _ _ _ _ _ _ _ _ _ _ _ _ _ _ _ _ _ _ _ _ _ 

self = <playwright._impl._connection.Connection object at 0x102b2ac50>
cb = <function Channel.send.<locals>.<lambda> at 0x10302e980>
is_internal = False, title = None

    async def wrap_api_call(
        self, cb: Callable[[], Any], is_internal: bool = False, title: str = None
    ) -> Any:
        if self._api_zone.get():
            return await cb()
        task = asyncio.current_task(self._loop)
        parsed_st = _attach_api_call_information(
            getattr(task, "__pw_stack__", None) or _capture_stack_trace(),
            is_internal,
            title,
        )
        self._api_zone.set(parsed_st)
        try:
            return await cb()
        except Exception as error:
>           raise rewrite_error(error, f"{parsed_st['apiName']}: {error}") from None
E           playwright._impl._errors.Error: BrowserType.launch: Executable doesn't exist at /tmp/chg235-verify-home/Library/Caches/ms-playwright/chromium_headless_shell-1234/chrome-headless-shell-mac-arm64/chrome-headless-shell
E           ╔════════════════════════════════════════════════════════════╗
E           ║ Looks like Playwright was just installed or updated.       ║
E           ║ Please run the following command to download new browsers: ║
E           ║                                                            ║
E           ║     playwright install                                     ║
E           ║                                                            ║
E           ║ <3 Playwright Team                                         ║
E           ╚════════════════════════════════════════════════════════════╝

/opt/anaconda3/lib/python3.11/site-packages/playwright/_impl/_connection.py:632: Error
____________ ERROR at setup of test_visual_evidence[dark-floorplan] ____________

    @pytest.fixture(scope='session')
    def browser():
        with sync_playwright() as pw:
            executable=os.environ.get('LAB_CHROMIUM_PATH','/usr/bin/chromium')
            kwargs={'headless':True}
            if Path(executable).is_file():kwargs['executable_path']=executable
>           browser=pw.chromium.launch(**kwargs)
                    ^^^^^^^^^^^^^^^^^^^^^^^^^^^^

experience-lab/tests/test_browser.py:39: 
_ _ _ _ _ _ _ _ _ _ _ _ _ _ _ _ _ _ _ _ _ _ _ _ _ _ _ _ _ _ _ _ _ _ _ _ _ _ _ _ 
/opt/anaconda3/lib/python3.11/site-packages/playwright/sync_api/_generated.py:16702: in launch
    self._sync(
/opt/anaconda3/lib/python3.11/site-packages/playwright/_impl/_browser_type.py:97: in launch
    await self._channel.send(
/opt/anaconda3/lib/python3.11/site-packages/playwright/_impl/_connection.py:76: in send
    return await self._connection.wrap_api_call(
_ _ _ _ _ _ _ _ _ _ _ _ _ _ _ _ _ _ _ _ _ _ _ _ _ _ _ _ _ _ _ _ _ _ _ _ _ _ _ _ 

self = <playwright._impl._connection.Connection object at 0x102b2ac50>
cb = <function Channel.send.<locals>.<lambda> at 0x10302e980>
is_internal = False, title = None

    async def wrap_api_call(
        self, cb: Callable[[], Any], is_internal: bool = False, title: str = None
    ) -> Any:
        if self._api_zone.get():
            return await cb()
        task = asyncio.current_task(self._loop)
        parsed_st = _attach_api_call_information(
            getattr(task, "__pw_stack__", None) or _capture_stack_trace(),
            is_internal,
            title,
        )
        self._api_zone.set(parsed_st)
        try:
            return await cb()
        except Exception as error:
>           raise rewrite_error(error, f"{parsed_st['apiName']}: {error}") from None
E           playwright._impl._errors.Error: BrowserType.launch: Executable doesn't exist at /tmp/chg235-verify-home/Library/Caches/ms-playwright/chromium_headless_shell-1234/chrome-headless-shell-mac-arm64/chrome-headless-shell
E           ╔════════════════════════════════════════════════════════════╗
E           ║ Looks like Playwright was just installed or updated.       ║
E           ║ Please run the following command to download new browsers: ║
E           ║                                                            ║
E           ║     playwright install                                     ║
E           ║                                                            ║
E           ║ <3 Playwright Team                                         ║
E           ╚════════════════════════════════════════════════════════════╝

/opt/anaconda3/lib/python3.11/site-packages/playwright/_impl/_connection.py:632: Error
_____________ ERROR at setup of test_visual_evidence[dark-themes] ______________

    @pytest.fixture(scope='session')
    def browser():
        with sync_playwright() as pw:
            executable=os.environ.get('LAB_CHROMIUM_PATH','/usr/bin/chromium')
            kwargs={'headless':True}
            if Path(executable).is_file():kwargs['executable_path']=executable
>           browser=pw.chromium.launch(**kwargs)
                    ^^^^^^^^^^^^^^^^^^^^^^^^^^^^

experience-lab/tests/test_browser.py:39: 
_ _ _ _ _ _ _ _ _ _ _ _ _ _ _ _ _ _ _ _ _ _ _ _ _ _ _ _ _ _ _ _ _ _ _ _ _ _ _ _ 
/opt/anaconda3/lib/python3.11/site-packages/playwright/sync_api/_generated.py:16702: in launch
    self._sync(
/opt/anaconda3/lib/python3.11/site-packages/playwright/_impl/_browser_type.py:97: in launch
    await self._channel.send(
/opt/anaconda3/lib/python3.11/site-packages/playwright/_impl/_connection.py:76: in send
    return await self._connection.wrap_api_call(
_ _ _ _ _ _ _ _ _ _ _ _ _ _ _ _ _ _ _ _ _ _ _ _ _ _ _ _ _ _ _ _ _ _ _ _ _ _ _ _ 

self = <playwright._impl._connection.Connection object at 0x102b2ac50>
cb = <function Channel.send.<locals>.<lambda> at 0x10302e980>
is_internal = False, title = None

    async def wrap_api_call(
        self, cb: Callable[[], Any], is_internal: bool = False, title: str = None
    ) -> Any:
        if self._api_zone.get():
            return await cb()
        task = asyncio.current_task(self._loop)
        parsed_st = _attach_api_call_information(
            getattr(task, "__pw_stack__", None) or _capture_stack_trace(),
            is_internal,
            title,
        )
        self._api_zone.set(parsed_st)
        try:
            return await cb()
        except Exception as error:
>           raise rewrite_error(error, f"{parsed_st['apiName']}: {error}") from None
E           playwright._impl._errors.Error: BrowserType.launch: Executable doesn't exist at /tmp/chg235-verify-home/Library/Caches/ms-playwright/chromium_headless_shell-1234/chrome-headless-shell-mac-arm64/chrome-headless-shell
E           ╔════════════════════════════════════════════════════════════╗
E           ║ Looks like Playwright was just installed or updated.       ║
E           ║ Please run the following command to download new browsers: ║
E           ║                                                            ║
E           ║     playwright install                                     ║
E           ║                                                            ║
E           ║ <3 Playwright Team                                         ║
E           ╚════════════════════════════════════════════════════════════╝

/opt/anaconda3/lib/python3.11/site-packages/playwright/_impl/_connection.py:632: Error
______ ERROR at setup of test_custom_presentation_without_kernel_changes _______

    @pytest.fixture(scope='session')
    def browser():
        with sync_playwright() as pw:
            executable=os.environ.get('LAB_CHROMIUM_PATH','/usr/bin/chromium')
            kwargs={'headless':True}
            if Path(executable).is_file():kwargs['executable_path']=executable
>           browser=pw.chromium.launch(**kwargs)
                    ^^^^^^^^^^^^^^^^^^^^^^^^^^^^

experience-lab/tests/test_browser.py:39: 
_ _ _ _ _ _ _ _ _ _ _ _ _ _ _ _ _ _ _ _ _ _ _ _ _ _ _ _ _ _ _ _ _ _ _ _ _ _ _ _ 
/opt/anaconda3/lib/python3.11/site-packages/playwright/sync_api/_generated.py:16702: in launch
    self._sync(
/opt/anaconda3/lib/python3.11/site-packages/playwright/_impl/_browser_type.py:97: in launch
    await self._channel.send(
/opt/anaconda3/lib/python3.11/site-packages/playwright/_impl/_connection.py:76: in send
    return await self._connection.wrap_api_call(
_ _ _ _ _ _ _ _ _ _ _ _ _ _ _ _ _ _ _ _ _ _ _ _ _ _ _ _ _ _ _ _ _ _ _ _ _ _ _ _ 

self = <playwright._impl._connection.Connection object at 0x102b2ac50>
cb = <function Channel.send.<locals>.<lambda> at 0x10302e980>
is_internal = False, title = None

    async def wrap_api_call(
        self, cb: Callable[[], Any], is_internal: bool = False, title: str = None
    ) -> Any:
        if self._api_zone.get():
            return await cb()
        task = asyncio.current_task(self._loop)
        parsed_st = _attach_api_call_information(
            getattr(task, "__pw_stack__", None) or _capture_stack_trace(),
            is_internal,
            title,
        )
        self._api_zone.set(parsed_st)
        try:
            return await cb()
        except Exception as error:
>           raise rewrite_error(error, f"{parsed_st['apiName']}: {error}") from None
E           playwright._impl._errors.Error: BrowserType.launch: Executable doesn't exist at /tmp/chg235-verify-home/Library/Caches/ms-playwright/chromium_headless_shell-1234/chrome-headless-shell-mac-arm64/chrome-headless-shell
E           ╔════════════════════════════════════════════════════════════╗
E           ║ Looks like Playwright was just installed or updated.       ║
E           ║ Please run the following command to download new browsers: ║
E           ║                                                            ║
E           ║     playwright install                                     ║
E           ║                                                            ║
E           ║ <3 Playwright Team                                         ║
E           ╚════════════════════════════════════════════════════════════╝

/opt/anaconda3/lib/python3.11/site-packages/playwright/_impl/_connection.py:632: Error
________ ERROR at setup of test_two_topologies_do_not_duplicate_svg_ids ________

    @pytest.fixture(scope='session')
    def browser():
        with sync_playwright() as pw:
            executable=os.environ.get('LAB_CHROMIUM_PATH','/usr/bin/chromium')
            kwargs={'headless':True}
            if Path(executable).is_file():kwargs['executable_path']=executable
>           browser=pw.chromium.launch(**kwargs)
                    ^^^^^^^^^^^^^^^^^^^^^^^^^^^^

experience-lab/tests/test_browser.py:39: 
_ _ _ _ _ _ _ _ _ _ _ _ _ _ _ _ _ _ _ _ _ _ _ _ _ _ _ _ _ _ _ _ _ _ _ _ _ _ _ _ 
/opt/anaconda3/lib/python3.11/site-packages/playwright/sync_api/_generated.py:16702: in launch
    self._sync(
/opt/anaconda3/lib/python3.11/site-packages/playwright/_impl/_browser_type.py:97: in launch
    await self._channel.send(
/opt/anaconda3/lib/python3.11/site-packages/playwright/_impl/_connection.py:76: in send
    return await self._connection.wrap_api_call(
_ _ _ _ _ _ _ _ _ _ _ _ _ _ _ _ _ _ _ _ _ _ _ _ _ _ _ _ _ _ _ _ _ _ _ _ _ _ _ _ 

self = <playwright._impl._connection.Connection object at 0x102b2ac50>
cb = <function Channel.send.<locals>.<lambda> at 0x10302e980>
is_internal = False, title = None

    async def wrap_api_call(
        self, cb: Callable[[], Any], is_internal: bool = False, title: str = None
    ) -> Any:
        if self._api_zone.get():
            return await cb()
        task = asyncio.current_task(self._loop)
        parsed_st = _attach_api_call_information(
            getattr(task, "__pw_stack__", None) or _capture_stack_trace(),
            is_internal,
            title,
        )
        self._api_zone.set(parsed_st)
        try:
            return await cb()
        except Exception as error:
>           raise rewrite_error(error, f"{parsed_st['apiName']}: {error}") from None
E           playwright._impl._errors.Error: BrowserType.launch: Executable doesn't exist at /tmp/chg235-verify-home/Library/Caches/ms-playwright/chromium_headless_shell-1234/chrome-headless-shell-mac-arm64/chrome-headless-shell
E           ╔════════════════════════════════════════════════════════════╗
E           ║ Looks like Playwright was just installed or updated.       ║
E           ║ Please run the following command to download new browsers: ║
E           ║                                                            ║
E           ║     playwright install                                     ║
E           ║                                                            ║
E           ║ <3 Playwright Team                                         ║
E           ╚════════════════════════════════════════════════════════════╝

/opt/anaconda3/lib/python3.11/site-packages/playwright/_impl/_connection.py:632: Error
___ ERROR at setup of test_wafer_labels_match_screen_coordinate_orientation ____

    @pytest.fixture(scope='session')
    def browser():
        with sync_playwright() as pw:
            executable=os.environ.get('LAB_CHROMIUM_PATH','/usr/bin/chromium')
            kwargs={'headless':True}
            if Path(executable).is_file():kwargs['executable_path']=executable
>           browser=pw.chromium.launch(**kwargs)
                    ^^^^^^^^^^^^^^^^^^^^^^^^^^^^

experience-lab/tests/test_browser.py:39: 
_ _ _ _ _ _ _ _ _ _ _ _ _ _ _ _ _ _ _ _ _ _ _ _ _ _ _ _ _ _ _ _ _ _ _ _ _ _ _ _ 
/opt/anaconda3/lib/python3.11/site-packages/playwright/sync_api/_generated.py:16702: in launch
    self._sync(
/opt/anaconda3/lib/python3.11/site-packages/playwright/_impl/_browser_type.py:97: in launch
    await self._channel.send(
/opt/anaconda3/lib/python3.11/site-packages/playwright/_impl/_connection.py:76: in send
    return await self._connection.wrap_api_call(
_ _ _ _ _ _ _ _ _ _ _ _ _ _ _ _ _ _ _ _ _ _ _ _ _ _ _ _ _ _ _ _ _ _ _ _ _ _ _ _ 

self = <playwright._impl._connection.Connection object at 0x102b2ac50>
cb = <function Channel.send.<locals>.<lambda> at 0x10302e980>
is_internal = False, title = None

    async def wrap_api_call(
        self, cb: Callable[[], Any], is_internal: bool = False, title: str = None
    ) -> Any:
        if self._api_zone.get():
            return await cb()
        task = asyncio.current_task(self._loop)
        parsed_st = _attach_api_call_information(
            getattr(task, "__pw_stack__", None) or _capture_stack_trace(),
            is_internal,
            title,
        )
        self._api_zone.set(parsed_st)
        try:
            return await cb()
        except Exception as error:
>           raise rewrite_error(error, f"{parsed_st['apiName']}: {error}") from None
E           playwright._impl._errors.Error: BrowserType.launch: Executable doesn't exist at /tmp/chg235-verify-home/Library/Caches/ms-playwright/chromium_headless_shell-1234/chrome-headless-shell-mac-arm64/chrome-headless-shell
E           ╔════════════════════════════════════════════════════════════╗
E           ║ Looks like Playwright was just installed or updated.       ║
E           ║ Please run the following command to download new browsers: ║
E           ║                                                            ║
E           ║     playwright install                                     ║
E           ║                                                            ║
E           ║ <3 Playwright Team                                         ║
E           ╚════════════════════════════════════════════════════════════╝

/opt/anaconda3/lib/python3.11/site-packages/playwright/_impl/_connection.py:632: Error
_ ERROR at setup of test_trace_status_uses_external_model_instead_of_success_constant _

    @pytest.fixture(scope='session')
    def browser():
        with sync_playwright() as pw:
            executable=os.environ.get('LAB_CHROMIUM_PATH','/usr/bin/chromium')
            kwargs={'headless':True}
            if Path(executable).is_file():kwargs['executable_path']=executable
>           browser=pw.chromium.launch(**kwargs)
                    ^^^^^^^^^^^^^^^^^^^^^^^^^^^^

experience-lab/tests/test_browser.py:39: 
_ _ _ _ _ _ _ _ _ _ _ _ _ _ _ _ _ _ _ _ _ _ _ _ _ _ _ _ _ _ _ _ _ _ _ _ _ _ _ _ 
/opt/anaconda3/lib/python3.11/site-packages/playwright/sync_api/_generated.py:16702: in launch
    self._sync(
/opt/anaconda3/lib/python3.11/site-packages/playwright/_impl/_browser_type.py:97: in launch
    await self._channel.send(
/opt/anaconda3/lib/python3.11/site-packages/playwright/_impl/_connection.py:76: in send
    return await self._connection.wrap_api_call(
_ _ _ _ _ _ _ _ _ _ _ _ _ _ _ _ _ _ _ _ _ _ _ _ _ _ _ _ _ _ _ _ _ _ _ _ _ _ _ _ 

self = <playwright._impl._connection.Connection object at 0x102b2ac50>
cb = <function Channel.send.<locals>.<lambda> at 0x10302e980>
is_internal = False, title = None

    async def wrap_api_call(
        self, cb: Callable[[], Any], is_internal: bool = False, title: str = None
    ) -> Any:
        if self._api_zone.get():
            return await cb()
        task = asyncio.current_task(self._loop)
        parsed_st = _attach_api_call_information(
            getattr(task, "__pw_stack__", None) or _capture_stack_trace(),
            is_internal,
            title,
        )
        self._api_zone.set(parsed_st)
        try:
            return await cb()
        except Exception as error:
>           raise rewrite_error(error, f"{parsed_st['apiName']}: {error}") from None
E           playwright._impl._errors.Error: BrowserType.launch: Executable doesn't exist at /tmp/chg235-verify-home/Library/Caches/ms-playwright/chromium_headless_shell-1234/chrome-headless-shell-mac-arm64/chrome-headless-shell
E           ╔════════════════════════════════════════════════════════════╗
E           ║ Looks like Playwright was just installed or updated.       ║
E           ║ Please run the following command to download new browsers: ║
E           ║                                                            ║
E           ║     playwright install                                     ║
E           ║                                                            ║
E           ║ <3 Playwright Team                                         ║
E           ╚════════════════════════════════════════════════════════════╝

/opt/anaconda3/lib/python3.11/site-packages/playwright/_impl/_connection.py:632: Error
- generated xml file: /Users/haewonkim/.codex-fabric/worktrees/CF-a76e16568c01043040d78b6e/evidence/current/full-stack/native-lab/browser-junit.xml -
=========================== short test summary info ============================
ERROR experience-lab/tests/test_browser.py::test_uiqa_shared_lab_semantic_contrast[False-light]
ERROR experience-lab/tests/test_browser.py::test_uiqa_shared_lab_semantic_contrast[False-dark]
ERROR experience-lab/tests/test_browser.py::test_uiqa_shared_lab_semantic_contrast[True-light]
ERROR experience-lab/tests/test_browser.py::test_uiqa_shared_lab_semantic_contrast[True-dark]
ERROR experience-lab/tests/test_browser.py::test_each_registered_widget_renders[light-tables]
ERROR experience-lab/tests/test_browser.py::test_each_registered_widget_renders[light-boards]
ERROR experience-lab/tests/test_browser.py::test_each_registered_widget_renders[light-gantt]
ERROR experience-lab/tests/test_browser.py::test_each_registered_widget_renders[light-calendar]
ERROR experience-lab/tests/test_browser.py::test_each_registered_widget_renders[light-timeline]
ERROR experience-lab/tests/test_browser.py::test_each_registered_widget_renders[light-rack]
ERROR experience-lab/tests/test_browser.py::test_each_registered_widget_renders[light-wafer]
ERROR experience-lab/tests/test_browser.py::test_each_registered_widget_renders[light-process]
ERROR experience-lab/tests/test_browser.py::test_each_registered_widget_renders[light-charts]
ERROR experience-lab/tests/test_browser.py::test_each_registered_widget_renders[light-topology]
ERROR experience-lab/tests/test_browser.py::test_each_registered_widget_renders[light-traces]
ERROR experience-lab/tests/test_browser.py::test_each_registered_widget_renders[light-logs]
ERROR experience-lab/tests/test_browser.py::test_each_registered_widget_renders[light-diff]
ERROR experience-lab/tests/test_browser.py::test_each_registered_widget_renders[light-forms]
ERROR experience-lab/tests/test_browser.py::test_each_registered_widget_renders[light-windows]
ERROR experience-lab/tests/test_browser.py::test_each_registered_widget_renders[light-json]
ERROR experience-lab/tests/test_browser.py::test_each_registered_widget_renders[light-carrier]
ERROR experience-lab/tests/test_browser.py::test_each_registered_widget_renders[light-traveler]
ERROR experience-lab/tests/test_browser.py::test_each_registered_widget_renders[light-floorplan]
ERROR experience-lab/tests/test_browser.py::test_each_registered_widget_renders[light-permissions]
ERROR experience-lab/tests/test_browser.py::test_each_registered_widget_renders[light-split]
ERROR experience-lab/tests/test_browser.py::test_each_registered_widget_renders[light-pipeline]
ERROR experience-lab/tests/test_browser.py::test_each_registered_widget_renders[light-notifications]
ERROR experience-lab/tests/test_browser.py::test_each_registered_widget_renders[dark-tables]
ERROR experience-lab/tests/test_browser.py::test_each_registered_widget_renders[dark-boards]
ERROR experience-lab/tests/test_browser.py::test_each_registered_widget_renders[dark-gantt]
ERROR experience-lab/tests/test_browser.py::test_each_registered_widget_renders[dark-calendar]
ERROR experience-lab/tests/test_browser.py::test_each_registered_widget_renders[dark-timeline]
ERROR experience-lab/tests/test_browser.py::test_each_registered_widget_renders[dark-rack]
ERROR experience-lab/tests/test_browser.py::test_each_registered_widget_renders[dark-wafer]
ERROR experience-lab/tests/test_browser.py::test_each_registered_widget_renders[dark-process]
ERROR experience-lab/tests/test_browser.py::test_each_registered_widget_renders[dark-charts]
ERROR experience-lab/tests/test_browser.py::test_each_registered_widget_renders[dark-topology]
ERROR experience-lab/tests/test_browser.py::test_each_registered_widget_renders[dark-traces]
ERROR experience-lab/tests/test_browser.py::test_each_registered_widget_renders[dark-logs]
ERROR experience-lab/tests/test_browser.py::test_each_registered_widget_renders[dark-diff]
ERROR experience-lab/tests/test_browser.py::test_each_registered_widget_renders[dark-forms]
ERROR experience-lab/tests/test_browser.py::test_each_registered_widget_renders[dark-windows]
ERROR experience-lab/tests/test_browser.py::test_each_registered_widget_renders[dark-json]
ERROR experience-lab/tests/test_browser.py::test_each_registered_widget_renders[dark-carrier]
ERROR experience-lab/tests/test_browser.py::test_each_registered_widget_renders[dark-traveler]
ERROR experience-lab/tests/test_browser.py::test_each_registered_widget_renders[dark-floorplan]
ERROR experience-lab/tests/test_browser.py::test_each_registered_widget_renders[dark-permissions]
ERROR experience-lab/tests/test_browser.py::test_each_registered_widget_renders[dark-split]
ERROR experience-lab/tests/test_browser.py::test_each_registered_widget_renders[dark-pipeline]
ERROR experience-lab/tests/test_browser.py::test_each_registered_widget_renders[dark-notifications]
ERROR experience-lab/tests/test_browser.py::test_shared_loading_empty_error_contract[tables]
ERROR experience-lab/tests/test_browser.py::test_shared_loading_empty_error_contract[gantt]
ERROR experience-lab/tests/test_browser.py::test_shared_loading_empty_error_contract[rack]
ERROR experience-lab/tests/test_browser.py::test_shared_loading_empty_error_contract[wafer]
ERROR experience-lab/tests/test_browser.py::test_shared_loading_empty_error_contract[windows]
ERROR experience-lab/tests/test_browser.py::test_shared_loading_empty_error_contract[carrier]
ERROR experience-lab/tests/test_browser.py::test_shared_loading_empty_error_contract[process]
ERROR experience-lab/tests/test_browser.py::test_table_search_filter_sort_selection_archive
ERROR experience-lab/tests/test_browser.py::test_table_page_scopes_bulk_selection
ERROR experience-lab/tests/test_browser.py::test_table_external_text_is_escaped
ERROR experience-lab/tests/test_browser.py::test_board_keyboard_equivalent_and_readonly
ERROR experience-lab/tests/test_browser.py::test_gantt_rejects_overlap_and_applies_safe_dates
ERROR experience-lab/tests/test_browser.py::test_rack_rejects_collision_and_moves
ERROR experience-lab/tests/test_browser.py::test_wafer_filter_keyboard_and_details
ERROR experience-lab/tests/test_browser.py::test_calendar_add_and_month_boundary
ERROR experience-lab/tests/test_browser.py::test_windows_dirty_escape_focus_and_wizard_draft
ERROR experience-lab/tests/test_browser.py::test_all_window_types_close_and_trap_focus
ERROR experience-lab/tests/test_browser.py::test_theme_switch_preserves_unsaved_input
ERROR experience-lab/tests/test_browser.py::test_carrier_reassignment_retains_uniqueness
ERROR experience-lab/tests/test_browser.py::test_traveler_rejects_skipping_and_completes_step
ERROR experience-lab/tests/test_browser.py::test_notifications_and_permission_readonly
ERROR experience-lab/tests/test_browser.py::test_split_keyboard_resize - play...
ERROR experience-lab/tests/test_browser.py::test_json_validates_without_execution
ERROR experience-lab/tests/test_browser.py::test_command_palette_and_tab_keyboard
ERROR experience-lab/tests/test_browser.py::test_mobile_page_has_no_document_overflow[overview]
ERROR experience-lab/tests/test_browser.py::test_mobile_page_has_no_document_overflow[tables]
ERROR experience-lab/tests/test_browser.py::test_mobile_page_has_no_document_overflow[windows]
ERROR experience-lab/tests/test_browser.py::test_mobile_page_has_no_document_overflow[wafer]
ERROR experience-lab/tests/test_browser.py::test_mobile_page_has_no_document_overflow[rack]
ERROR experience-lab/tests/test_browser.py::test_mobile_page_has_no_document_overflow[gantt]
ERROR experience-lab/tests/test_browser.py::test_mobile_page_has_no_document_overflow[carrier]
ERROR experience-lab/tests/test_browser.py::test_mobile_page_has_no_document_overflow[floorplan]
ERROR experience-lab/tests/test_browser.py::test_mobile_page_has_no_document_overflow[themes]
ERROR experience-lab/tests/test_browser.py::test_visual_evidence[light-overview]
ERROR experience-lab/tests/test_browser.py::test_visual_evidence[light-gantt]
ERROR experience-lab/tests/test_browser.py::test_visual_evidence[light-rack]
ERROR experience-lab/tests/test_browser.py::test_visual_evidence[light-wafer]
ERROR experience-lab/tests/test_browser.py::test_visual_evidence[light-windows]
ERROR experience-lab/tests/test_browser.py::test_visual_evidence[light-carrier]
ERROR experience-lab/tests/test_browser.py::test_visual_evidence[light-floorplan]
ERROR experience-lab/tests/test_browser.py::test_visual_evidence[light-themes]
ERROR experience-lab/tests/test_browser.py::test_visual_evidence[dark-overview]
ERROR experience-lab/tests/test_browser.py::test_visual_evidence[dark-gantt]
ERROR experience-lab/tests/test_browser.py::test_visual_evidence[dark-rack]
ERROR experience-lab/tests/test_browser.py::test_visual_evidence[dark-wafer]
ERROR experience-lab/tests/test_browser.py::test_visual_evidence[dark-windows]
ERROR experience-lab/tests/test_browser.py::test_visual_evidence[dark-carrier]
ERROR experience-lab/tests/test_browser.py::test_visual_evidence[dark-floorplan]
ERROR experience-lab/tests/test_browser.py::test_visual_evidence[dark-themes]
ERROR experience-lab/tests/test_browser.py::test_custom_presentation_without_kernel_changes
ERROR experience-lab/tests/test_browser.py::test_two_topologies_do_not_duplicate_svg_ids
ERROR experience-lab/tests/test_browser.py::test_wafer_labels_match_screen_coordinate_orientation
ERROR experience-lab/tests/test_browser.py::test_trace_status_uses_external_model_instead_of_success_constant
103 errors in 7.78s
